title,url,source,date,sentiment_score,ai_analysis
M7 세번째 상승 막 시작…다시 뛰는 빅테크 ETF,https://finance.naver.com/news/news_read.naver?article_id=0005209907&office_id=008&mode=mainnews&type=&date=2025-06-19&page=1,네이버,2025-06-19 16:15:00.959755,0.0,"1. 현재 시장은 미국과 중동의 긴장으로 혼조한 분위기를 보이고 있습니다. 미국의 연방준비제도(FOMC)의 금리 결정과 중동의 지정학적 불확실성이 시장에 영향을 미치고 있습니다. 미국 증시는 약보합을 보이며 관망세를 유지하고 있습니다. 한편, 국내에서는 개미들의 빚투 현상과 투자심리에 대한 우려가 높아지고 있습니다.

2. 업종 중에서는 빅테크와 인공지능(AI) 관련 기업들이 주목받고 있습니다. 미래에셋벤처와 네이버 등 AI 산업의 수혜주로 주목할 필요가 있습니다. 또한, 방산주와 통화정책에 관련된 업종들이 중동 긴장과 관련해 강세를 보이고 있습니다.

3. 투자자들은 미국의 통화정책 변화와 중동 상황을 주시해야 합니다. 미국의 연방준비제도(FOMC)의 행보와 중동 긴장 요인이 시장에 영향을 미칠 수 있으므로 주식투자나 자산 배분에 있어서 신중한 관리가 필요합니다. 또한, 개인투자자들은 빚투 현상에 대한 경계를 늦추지 말아야 합니다.

4. 시장은 혼조한 분위기를 유지할 전망이며, 향후 미국의 통화정책과 중동 상황에 따라 변동성이 커질 수 있습니다. 따라서 안정적인 자산 배분과 리스크 관리가 필요합니다. 빅테크와 AI 업종에 대한 투자도 고려해볼 만하며, 중동 긴장과 관련된 업종들에도 주목해야 합니다. 개인투자자들은 안정적인 투자전략을 유지하고 장기적인 시각으로 투자 결정을 내리는 것이 중요합니다."
"코스피, 글로벌 증시 수익률 ‘톱’…밸류에이션 과열 논란 고조",https://finance.naver.com/news/news_read.naver?article_id=0005365596&office_id=014&mode=mainnews&type=&date=2025-06-19&page=1,네이버,2025-06-19 16:15:00.959755,0.0,"1. 현재 시장은 미국과 중동의 긴장으로 혼조한 분위기를 보이고 있습니다. 미국의 연방준비제도(FOMC)의 금리 결정과 중동의 지정학적 불확실성이 시장에 영향을 미치고 있습니다. 미국 증시는 약보합을 보이며 관망세를 유지하고 있습니다. 한편, 국내에서는 개미들의 빚투 현상과 투자심리에 대한 우려가 높아지고 있습니다.

2. 업종 중에서는 빅테크와 인공지능(AI) 관련 기업들이 주목받고 있습니다. 미래에셋벤처와 네이버 등 AI 산업의 수혜주로 주목할 필요가 있습니다. 또한, 방산주와 통화정책에 관련된 업종들이 중동 긴장과 관련해 강세를 보이고 있습니다.

3. 투자자들은 미국의 통화정책 변화와 중동 상황을 주시해야 합니다. 미국의 연방준비제도(FOMC)의 행보와 중동 긴장 요인이 시장에 영향을 미칠 수 있으므로 주식투자나 자산 배분에 있어서 신중한 관리가 필요합니다. 또한, 개인투자자들은 빚투 현상에 대한 경계를 늦추지 말아야 합니다.

4. 시장은 혼조한 분위기를 유지할 전망이며, 향후 미국의 통화정책과 중동 상황에 따라 변동성이 커질 수 있습니다. 따라서 안정적인 자산 배분과 리스크 관리가 필요합니다. 빅테크와 AI 업종에 대한 투자도 고려해볼 만하며, 중동 긴장과 관련된 업종들에도 주목해야 합니다. 개인투자자들은 안정적인 투자전략을 유지하고 장기적인 시각으로 투자 결정을 내리는 것이 중요합니다."
"美 공장 가동률 100% 눈앞…SK이노, 흑자전환 시동 [마켓딥다이브]",https://finance.naver.com/news/news_read.naver?article_id=0001213338&office_id=215&mode=mainnews&type=&date=2025-06-19&page=1,네이버,2025-06-19 16:15:00.959755,0.0,"1. 현재 시장은 미국과 중동의 긴장으로 혼조한 분위기를 보이고 있습니다. 미국의 연방준비제도(FOMC)의 금리 결정과 중동의 지정학적 불확실성이 시장에 영향을 미치고 있습니다. 미국 증시는 약보합을 보이며 관망세를 유지하고 있습니다. 한편, 국내에서는 개미들의 빚투 현상과 투자심리에 대한 우려가 높아지고 있습니다.

2. 업종 중에서는 빅테크와 인공지능(AI) 관련 기업들이 주목받고 있습니다. 미래에셋벤처와 네이버 등 AI 산업의 수혜주로 주목할 필요가 있습니다. 또한, 방산주와 통화정책에 관련된 업종들이 중동 긴장과 관련해 강세를 보이고 있습니다.

3. 투자자들은 미국의 통화정책 변화와 중동 상황을 주시해야 합니다. 미국의 연방준비제도(FOMC)의 행보와 중동 긴장 요인이 시장에 영향을 미칠 수 있으므로 주식투자나 자산 배분에 있어서 신중한 관리가 필요합니다. 또한, 개인투자자들은 빚투 현상에 대한 경계를 늦추지 말아야 합니다.

4. 시장은 혼조한 분위기를 유지할 전망이며, 향후 미국의 통화정책과 중동 상황에 따라 변동성이 커질 수 있습니다. 따라서 안정적인 자산 배분과 리스크 관리가 필요합니다. 빅테크와 AI 업종에 대한 투자도 고려해볼 만하며, 중동 긴장과 관련된 업종들에도 주목해야 합니다. 개인투자자들은 안정적인 투자전략을 유지하고 장기적인 시각으로 투자 결정을 내리는 것이 중요합니다."
법정 다툼으로 번진 콜마그룹 남매갈등..엇갈린 쟁점 짚어보니,https://finance.naver.com/news/news_read.naver?article_id=0005209900&office_id=008&mode=mainnews&type=&date=2025-06-19&page=1,네이버,2025-06-19 16:15:00.959755,0.0,"1. 현재 시장은 미국과 중동의 긴장으로 혼조한 분위기를 보이고 있습니다. 미국의 연방준비제도(FOMC)의 금리 결정과 중동의 지정학적 불확실성이 시장에 영향을 미치고 있습니다. 미국 증시는 약보합을 보이며 관망세를 유지하고 있습니다. 한편, 국내에서는 개미들의 빚투 현상과 투자심리에 대한 우려가 높아지고 있습니다.

2. 업종 중에서는 빅테크와 인공지능(AI) 관련 기업들이 주목받고 있습니다. 미래에셋벤처와 네이버 등 AI 산업의 수혜주로 주목할 필요가 있습니다. 또한, 방산주와 통화정책에 관련된 업종들이 중동 긴장과 관련해 강세를 보이고 있습니다.

3. 투자자들은 미국의 통화정책 변화와 중동 상황을 주시해야 합니다. 미국의 연방준비제도(FOMC)의 행보와 중동 긴장 요인이 시장에 영향을 미칠 수 있으므로 주식투자나 자산 배분에 있어서 신중한 관리가 필요합니다. 또한, 개인투자자들은 빚투 현상에 대한 경계를 늦추지 말아야 합니다.

4. 시장은 혼조한 분위기를 유지할 전망이며, 향후 미국의 통화정책과 중동 상황에 따라 변동성이 커질 수 있습니다. 따라서 안정적인 자산 배분과 리스크 관리가 필요합니다. 빅테크와 AI 업종에 대한 투자도 고려해볼 만하며, 중동 긴장과 관련된 업종들에도 주목해야 합니다. 개인투자자들은 안정적인 투자전략을 유지하고 장기적인 시각으로 투자 결정을 내리는 것이 중요합니다."
"4년전 3천피 이후 개미 ""반토막"" 비명…그 악몽 다시 안 겪으려면",https://finance.naver.com/news/news_read.naver?article_id=0005209894&office_id=008&mode=mainnews&type=&date=2025-06-19&page=1,네이버,2025-06-19 16:15:00.959755,0.0,"1. 현재 시장은 미국과 중동의 긴장으로 혼조한 분위기를 보이고 있습니다. 미국의 연방준비제도(FOMC)의 금리 결정과 중동의 지정학적 불확실성이 시장에 영향을 미치고 있습니다. 미국 증시는 약보합을 보이며 관망세를 유지하고 있습니다. 한편, 국내에서는 개미들의 빚투 현상과 투자심리에 대한 우려가 높아지고 있습니다.

2. 업종 중에서는 빅테크와 인공지능(AI) 관련 기업들이 주목받고 있습니다. 미래에셋벤처와 네이버 등 AI 산업의 수혜주로 주목할 필요가 있습니다. 또한, 방산주와 통화정책에 관련된 업종들이 중동 긴장과 관련해 강세를 보이고 있습니다.

3. 투자자들은 미국의 통화정책 변화와 중동 상황을 주시해야 합니다. 미국의 연방준비제도(FOMC)의 행보와 중동 긴장 요인이 시장에 영향을 미칠 수 있으므로 주식투자나 자산 배분에 있어서 신중한 관리가 필요합니다. 또한, 개인투자자들은 빚투 현상에 대한 경계를 늦추지 말아야 합니다.

4. 시장은 혼조한 분위기를 유지할 전망이며, 향후 미국의 통화정책과 중동 상황에 따라 변동성이 커질 수 있습니다. 따라서 안정적인 자산 배분과 리스크 관리가 필요합니다. 빅테크와 AI 업종에 대한 투자도 고려해볼 만하며, 중동 긴장과 관련된 업종들에도 주목해야 합니다. 개인투자자들은 안정적인 투자전략을 유지하고 장기적인 시각으로 투자 결정을 내리는 것이 중요합니다."
'억만장자 2세' 해외 젊은 큰손들 한국 찾은 이유 [돈앤톡],https://finance.naver.com/news/news_read.naver?article_id=0005146816&office_id=015&mode=mainnews&type=&date=2025-06-19&page=1,네이버,2025-06-19 16:15:00.959755,0.0,"1. 현재 시장은 미국과 중동의 긴장으로 혼조한 분위기를 보이고 있습니다. 미국의 연방준비제도(FOMC)의 금리 결정과 중동의 지정학적 불확실성이 시장에 영향을 미치고 있습니다. 미국 증시는 약보합을 보이며 관망세를 유지하고 있습니다. 한편, 국내에서는 개미들의 빚투 현상과 투자심리에 대한 우려가 높아지고 있습니다.

2. 업종 중에서는 빅테크와 인공지능(AI) 관련 기업들이 주목받고 있습니다. 미래에셋벤처와 네이버 등 AI 산업의 수혜주로 주목할 필요가 있습니다. 또한, 방산주와 통화정책에 관련된 업종들이 중동 긴장과 관련해 강세를 보이고 있습니다.

3. 투자자들은 미국의 통화정책 변화와 중동 상황을 주시해야 합니다. 미국의 연방준비제도(FOMC)의 행보와 중동 긴장 요인이 시장에 영향을 미칠 수 있으므로 주식투자나 자산 배분에 있어서 신중한 관리가 필요합니다. 또한, 개인투자자들은 빚투 현상에 대한 경계를 늦추지 말아야 합니다.

4. 시장은 혼조한 분위기를 유지할 전망이며, 향후 미국의 통화정책과 중동 상황에 따라 변동성이 커질 수 있습니다. 따라서 안정적인 자산 배분과 리스크 관리가 필요합니다. 빅테크와 AI 업종에 대한 투자도 고려해볼 만하며, 중동 긴장과 관련된 업종들에도 주목해야 합니다. 개인투자자들은 안정적인 투자전략을 유지하고 장기적인 시각으로 투자 결정을 내리는 것이 중요합니다."
"‘1위 삼성’ vs ‘2위 미래’ ETF 격차, 연초 3.6조→6월 11.2조까지 벌어져…왜? [투자360]",https://finance.naver.com/news/news_read.naver?article_id=0002487470&office_id=016&mode=mainnews&type=&date=2025-06-19&page=1,네이버,2025-06-19 16:15:00.959755,0.0,"1. 현재 시장은 미국과 중동의 긴장으로 혼조한 분위기를 보이고 있습니다. 미국의 연방준비제도(FOMC)의 금리 결정과 중동의 지정학적 불확실성이 시장에 영향을 미치고 있습니다. 미국 증시는 약보합을 보이며 관망세를 유지하고 있습니다. 한편, 국내에서는 개미들의 빚투 현상과 투자심리에 대한 우려가 높아지고 있습니다.

2. 업종 중에서는 빅테크와 인공지능(AI) 관련 기업들이 주목받고 있습니다. 미래에셋벤처와 네이버 등 AI 산업의 수혜주로 주목할 필요가 있습니다. 또한, 방산주와 통화정책에 관련된 업종들이 중동 긴장과 관련해 강세를 보이고 있습니다.

3. 투자자들은 미국의 통화정책 변화와 중동 상황을 주시해야 합니다. 미국의 연방준비제도(FOMC)의 행보와 중동 긴장 요인이 시장에 영향을 미칠 수 있으므로 주식투자나 자산 배분에 있어서 신중한 관리가 필요합니다. 또한, 개인투자자들은 빚투 현상에 대한 경계를 늦추지 말아야 합니다.

4. 시장은 혼조한 분위기를 유지할 전망이며, 향후 미국의 통화정책과 중동 상황에 따라 변동성이 커질 수 있습니다. 따라서 안정적인 자산 배분과 리스크 관리가 필요합니다. 빅테크와 AI 업종에 대한 투자도 고려해볼 만하며, 중동 긴장과 관련된 업종들에도 주목해야 합니다. 개인투자자들은 안정적인 투자전략을 유지하고 장기적인 시각으로 투자 결정을 내리는 것이 중요합니다."
새 정부 20.2조 더 푼다…국민 1인당 15만~50만원 '소비쿠폰',https://finance.naver.com/news/news_read.naver?article_id=0005146814&office_id=015&mode=mainnews&type=&date=2025-06-19&page=1,네이버,2025-06-19 16:15:00.959755,0.0,"1. 현재 시장은 미국과 중동의 긴장으로 혼조한 분위기를 보이고 있습니다. 미국의 연방준비제도(FOMC)의 금리 결정과 중동의 지정학적 불확실성이 시장에 영향을 미치고 있습니다. 미국 증시는 약보합을 보이며 관망세를 유지하고 있습니다. 한편, 국내에서는 개미들의 빚투 현상과 투자심리에 대한 우려가 높아지고 있습니다.

2. 업종 중에서는 빅테크와 인공지능(AI) 관련 기업들이 주목받고 있습니다. 미래에셋벤처와 네이버 등 AI 산업의 수혜주로 주목할 필요가 있습니다. 또한, 방산주와 통화정책에 관련된 업종들이 중동 긴장과 관련해 강세를 보이고 있습니다.

3. 투자자들은 미국의 통화정책 변화와 중동 상황을 주시해야 합니다. 미국의 연방준비제도(FOMC)의 행보와 중동 긴장 요인이 시장에 영향을 미칠 수 있으므로 주식투자나 자산 배분에 있어서 신중한 관리가 필요합니다. 또한, 개인투자자들은 빚투 현상에 대한 경계를 늦추지 말아야 합니다.

4. 시장은 혼조한 분위기를 유지할 전망이며, 향후 미국의 통화정책과 중동 상황에 따라 변동성이 커질 수 있습니다. 따라서 안정적인 자산 배분과 리스크 관리가 필요합니다. 빅테크와 AI 업종에 대한 투자도 고려해볼 만하며, 중동 긴장과 관련된 업종들에도 주목해야 합니다. 개인투자자들은 안정적인 투자전략을 유지하고 장기적인 시각으로 투자 결정을 내리는 것이 중요합니다."
"내일 MSCI 접근성 평가…""선진지수 가능성 높아져""",https://finance.naver.com/news/news_read.naver?article_id=0001213334&office_id=215&mode=mainnews&type=&date=2025-06-19&page=1,네이버,2025-06-19 16:15:00.959755,0.0,"1. 현재 시장은 미국과 중동의 긴장으로 혼조한 분위기를 보이고 있습니다. 미국의 연방준비제도(FOMC)의 금리 결정과 중동의 지정학적 불확실성이 시장에 영향을 미치고 있습니다. 미국 증시는 약보합을 보이며 관망세를 유지하고 있습니다. 한편, 국내에서는 개미들의 빚투 현상과 투자심리에 대한 우려가 높아지고 있습니다.

2. 업종 중에서는 빅테크와 인공지능(AI) 관련 기업들이 주목받고 있습니다. 미래에셋벤처와 네이버 등 AI 산업의 수혜주로 주목할 필요가 있습니다. 또한, 방산주와 통화정책에 관련된 업종들이 중동 긴장과 관련해 강세를 보이고 있습니다.

3. 투자자들은 미국의 통화정책 변화와 중동 상황을 주시해야 합니다. 미국의 연방준비제도(FOMC)의 행보와 중동 긴장 요인이 시장에 영향을 미칠 수 있으므로 주식투자나 자산 배분에 있어서 신중한 관리가 필요합니다. 또한, 개인투자자들은 빚투 현상에 대한 경계를 늦추지 말아야 합니다.

4. 시장은 혼조한 분위기를 유지할 전망이며, 향후 미국의 통화정책과 중동 상황에 따라 변동성이 커질 수 있습니다. 따라서 안정적인 자산 배분과 리스크 관리가 필요합니다. 빅테크와 AI 업종에 대한 투자도 고려해볼 만하며, 중동 긴장과 관련된 업종들에도 주목해야 합니다. 개인투자자들은 안정적인 투자전략을 유지하고 장기적인 시각으로 투자 결정을 내리는 것이 중요합니다."
"불기둥 카카오 ""반토막 났던 거 원금회복 했는데 팔까요?""",https://finance.naver.com/news/news_read.naver?article_id=0000079869&office_id=243&mode=mainnews&type=&date=2025-06-19&page=1,네이버,2025-06-19 16:15:00.959755,0.0,"1. 현재 시장은 미국과 중동의 긴장으로 혼조한 분위기를 보이고 있습니다. 미국의 연방준비제도(FOMC)의 금리 결정과 중동의 지정학적 불확실성이 시장에 영향을 미치고 있습니다. 미국 증시는 약보합을 보이며 관망세를 유지하고 있습니다. 한편, 국내에서는 개미들의 빚투 현상과 투자심리에 대한 우려가 높아지고 있습니다.

2. 업종 중에서는 빅테크와 인공지능(AI) 관련 기업들이 주목받고 있습니다. 미래에셋벤처와 네이버 등 AI 산업의 수혜주로 주목할 필요가 있습니다. 또한, 방산주와 통화정책에 관련된 업종들이 중동 긴장과 관련해 강세를 보이고 있습니다.

3. 투자자들은 미국의 통화정책 변화와 중동 상황을 주시해야 합니다. 미국의 연방준비제도(FOMC)의 행보와 중동 긴장 요인이 시장에 영향을 미칠 수 있으므로 주식투자나 자산 배분에 있어서 신중한 관리가 필요합니다. 또한, 개인투자자들은 빚투 현상에 대한 경계를 늦추지 말아야 합니다.

4. 시장은 혼조한 분위기를 유지할 전망이며, 향후 미국의 통화정책과 중동 상황에 따라 변동성이 커질 수 있습니다. 따라서 안정적인 자산 배분과 리스크 관리가 필요합니다. 빅테크와 AI 업종에 대한 투자도 고려해볼 만하며, 중동 긴장과 관련된 업종들에도 주목해야 합니다. 개인투자자들은 안정적인 투자전략을 유지하고 장기적인 시각으로 투자 결정을 내리는 것이 중요합니다."
"""역시 믿을건 로봇..."" 상장사들 로봇 신사업 잇단 밀월 '눈에 띄네'",https://finance.naver.com/news/news_read.naver?article_id=0005365488&office_id=014&mode=mainnews&type=&date=2025-06-19&page=1,네이버,2025-06-19 16:15:00.959755,0.0,"1. 현재 시장은 미국과 중동의 긴장으로 혼조한 분위기를 보이고 있습니다. 미국의 연방준비제도(FOMC)의 금리 결정과 중동의 지정학적 불확실성이 시장에 영향을 미치고 있습니다. 미국 증시는 약보합을 보이며 관망세를 유지하고 있습니다. 한편, 국내에서는 개미들의 빚투 현상과 투자심리에 대한 우려가 높아지고 있습니다.

2. 업종 중에서는 빅테크와 인공지능(AI) 관련 기업들이 주목받고 있습니다. 미래에셋벤처와 네이버 등 AI 산업의 수혜주로 주목할 필요가 있습니다. 또한, 방산주와 통화정책에 관련된 업종들이 중동 긴장과 관련해 강세를 보이고 있습니다.

3. 투자자들은 미국의 통화정책 변화와 중동 상황을 주시해야 합니다. 미국의 연방준비제도(FOMC)의 행보와 중동 긴장 요인이 시장에 영향을 미칠 수 있으므로 주식투자나 자산 배분에 있어서 신중한 관리가 필요합니다. 또한, 개인투자자들은 빚투 현상에 대한 경계를 늦추지 말아야 합니다.

4. 시장은 혼조한 분위기를 유지할 전망이며, 향후 미국의 통화정책과 중동 상황에 따라 변동성이 커질 수 있습니다. 따라서 안정적인 자산 배분과 리스크 관리가 필요합니다. 빅테크와 AI 업종에 대한 투자도 고려해볼 만하며, 중동 긴장과 관련된 업종들에도 주목해야 합니다. 개인투자자들은 안정적인 투자전략을 유지하고 장기적인 시각으로 투자 결정을 내리는 것이 중요합니다."
"12시간 거래중단, 손해배상 받을 수 있나요[김남석의 개미생활]",https://finance.naver.com/news/news_read.naver?article_id=0002962517&office_id=029&mode=mainnews&type=&date=2025-06-19&page=1,네이버,2025-06-19 16:15:00.959755,0.0,"1. 현재 시장은 미국과 중동의 긴장으로 혼조한 분위기를 보이고 있습니다. 미국의 연방준비제도(FOMC)의 금리 결정과 중동의 지정학적 불확실성이 시장에 영향을 미치고 있습니다. 미국 증시는 약보합을 보이며 관망세를 유지하고 있습니다. 한편, 국내에서는 개미들의 빚투 현상과 투자심리에 대한 우려가 높아지고 있습니다.

2. 업종 중에서는 빅테크와 인공지능(AI) 관련 기업들이 주목받고 있습니다. 미래에셋벤처와 네이버 등 AI 산업의 수혜주로 주목할 필요가 있습니다. 또한, 방산주와 통화정책에 관련된 업종들이 중동 긴장과 관련해 강세를 보이고 있습니다.

3. 투자자들은 미국의 통화정책 변화와 중동 상황을 주시해야 합니다. 미국의 연방준비제도(FOMC)의 행보와 중동 긴장 요인이 시장에 영향을 미칠 수 있으므로 주식투자나 자산 배분에 있어서 신중한 관리가 필요합니다. 또한, 개인투자자들은 빚투 현상에 대한 경계를 늦추지 말아야 합니다.

4. 시장은 혼조한 분위기를 유지할 전망이며, 향후 미국의 통화정책과 중동 상황에 따라 변동성이 커질 수 있습니다. 따라서 안정적인 자산 배분과 리스크 관리가 필요합니다. 빅테크와 AI 업종에 대한 투자도 고려해볼 만하며, 중동 긴장과 관련된 업종들에도 주목해야 합니다. 개인투자자들은 안정적인 투자전략을 유지하고 장기적인 시각으로 투자 결정을 내리는 것이 중요합니다."
MBK `홈플러스 2.5조 지분 포기`시 국민연금 투자액 300억원도 증발,https://finance.naver.com/news/news_read.naver?article_id=0002962514&office_id=029&mode=mainnews&type=&date=2025-06-19&page=1,네이버,2025-06-19 16:15:00.959755,0.0,"1. 현재 시장은 미국과 중동의 긴장으로 혼조한 분위기를 보이고 있습니다. 미국의 연방준비제도(FOMC)의 금리 결정과 중동의 지정학적 불확실성이 시장에 영향을 미치고 있습니다. 미국 증시는 약보합을 보이며 관망세를 유지하고 있습니다. 한편, 국내에서는 개미들의 빚투 현상과 투자심리에 대한 우려가 높아지고 있습니다.

2. 업종 중에서는 빅테크와 인공지능(AI) 관련 기업들이 주목받고 있습니다. 미래에셋벤처와 네이버 등 AI 산업의 수혜주로 주목할 필요가 있습니다. 또한, 방산주와 통화정책에 관련된 업종들이 중동 긴장과 관련해 강세를 보이고 있습니다.

3. 투자자들은 미국의 통화정책 변화와 중동 상황을 주시해야 합니다. 미국의 연방준비제도(FOMC)의 행보와 중동 긴장 요인이 시장에 영향을 미칠 수 있으므로 주식투자나 자산 배분에 있어서 신중한 관리가 필요합니다. 또한, 개인투자자들은 빚투 현상에 대한 경계를 늦추지 말아야 합니다.

4. 시장은 혼조한 분위기를 유지할 전망이며, 향후 미국의 통화정책과 중동 상황에 따라 변동성이 커질 수 있습니다. 따라서 안정적인 자산 배분과 리스크 관리가 필요합니다. 빅테크와 AI 업종에 대한 투자도 고려해볼 만하며, 중동 긴장과 관련된 업종들에도 주목해야 합니다. 개인투자자들은 안정적인 투자전략을 유지하고 장기적인 시각으로 투자 결정을 내리는 것이 중요합니다."
"미용기기 ‘비올’ 품은 VIG, 기존 최대주주와 공동경영",https://finance.naver.com/news/news_read.naver?article_id=0005511429&office_id=009&mode=mainnews&type=&date=2025-06-19&page=1,네이버,2025-06-19 16:15:00.959755,0.0,"1. 현재 시장은 미국과 중동의 긴장으로 혼조한 분위기를 보이고 있습니다. 미국의 연방준비제도(FOMC)의 금리 결정과 중동의 지정학적 불확실성이 시장에 영향을 미치고 있습니다. 미국 증시는 약보합을 보이며 관망세를 유지하고 있습니다. 한편, 국내에서는 개미들의 빚투 현상과 투자심리에 대한 우려가 높아지고 있습니다.

2. 업종 중에서는 빅테크와 인공지능(AI) 관련 기업들이 주목받고 있습니다. 미래에셋벤처와 네이버 등 AI 산업의 수혜주로 주목할 필요가 있습니다. 또한, 방산주와 통화정책에 관련된 업종들이 중동 긴장과 관련해 강세를 보이고 있습니다.

3. 투자자들은 미국의 통화정책 변화와 중동 상황을 주시해야 합니다. 미국의 연방준비제도(FOMC)의 행보와 중동 긴장 요인이 시장에 영향을 미칠 수 있으므로 주식투자나 자산 배분에 있어서 신중한 관리가 필요합니다. 또한, 개인투자자들은 빚투 현상에 대한 경계를 늦추지 말아야 합니다.

4. 시장은 혼조한 분위기를 유지할 전망이며, 향후 미국의 통화정책과 중동 상황에 따라 변동성이 커질 수 있습니다. 따라서 안정적인 자산 배분과 리스크 관리가 필요합니다. 빅테크와 AI 업종에 대한 투자도 고려해볼 만하며, 중동 긴장과 관련된 업종들에도 주목해야 합니다. 개인투자자들은 안정적인 투자전략을 유지하고 장기적인 시각으로 투자 결정을 내리는 것이 중요합니다."
"증시 기대감, ETF 관심 폭증… 자산운용사들 수익율·순자산 기록 갈아치워",https://finance.naver.com/news/news_read.naver?article_id=0002198924&office_id=138&mode=mainnews&type=&date=2025-06-19&page=1,네이버,2025-06-19 16:15:00.959755,0.0,"1. 현재 시장은 미국과 중동의 긴장으로 혼조한 분위기를 보이고 있습니다. 미국의 연방준비제도(FOMC)의 금리 결정과 중동의 지정학적 불확실성이 시장에 영향을 미치고 있습니다. 미국 증시는 약보합을 보이며 관망세를 유지하고 있습니다. 한편, 국내에서는 개미들의 빚투 현상과 투자심리에 대한 우려가 높아지고 있습니다.

2. 업종 중에서는 빅테크와 인공지능(AI) 관련 기업들이 주목받고 있습니다. 미래에셋벤처와 네이버 등 AI 산업의 수혜주로 주목할 필요가 있습니다. 또한, 방산주와 통화정책에 관련된 업종들이 중동 긴장과 관련해 강세를 보이고 있습니다.

3. 투자자들은 미국의 통화정책 변화와 중동 상황을 주시해야 합니다. 미국의 연방준비제도(FOMC)의 행보와 중동 긴장 요인이 시장에 영향을 미칠 수 있으므로 주식투자나 자산 배분에 있어서 신중한 관리가 필요합니다. 또한, 개인투자자들은 빚투 현상에 대한 경계를 늦추지 말아야 합니다.

4. 시장은 혼조한 분위기를 유지할 전망이며, 향후 미국의 통화정책과 중동 상황에 따라 변동성이 커질 수 있습니다. 따라서 안정적인 자산 배분과 리스크 관리가 필요합니다. 빅테크와 AI 업종에 대한 투자도 고려해볼 만하며, 중동 긴장과 관련된 업종들에도 주목해야 합니다. 개인투자자들은 안정적인 투자전략을 유지하고 장기적인 시각으로 투자 결정을 내리는 것이 중요합니다."
'지금 국장 매수 할까요'…'65조' 총알 장전한 개미군단 [분석+],https://finance.naver.com/news/news_read.naver?article_id=0005146751&office_id=015&mode=mainnews&type=&date=2025-06-19&page=1,네이버,2025-06-19 16:15:00.959755,0.0,"1. 현재 시장은 미국과 중동의 긴장으로 혼조한 분위기를 보이고 있습니다. 미국의 연방준비제도(FOMC)의 금리 결정과 중동의 지정학적 불확실성이 시장에 영향을 미치고 있습니다. 미국 증시는 약보합을 보이며 관망세를 유지하고 있습니다. 한편, 국내에서는 개미들의 빚투 현상과 투자심리에 대한 우려가 높아지고 있습니다.

2. 업종 중에서는 빅테크와 인공지능(AI) 관련 기업들이 주목받고 있습니다. 미래에셋벤처와 네이버 등 AI 산업의 수혜주로 주목할 필요가 있습니다. 또한, 방산주와 통화정책에 관련된 업종들이 중동 긴장과 관련해 강세를 보이고 있습니다.

3. 투자자들은 미국의 통화정책 변화와 중동 상황을 주시해야 합니다. 미국의 연방준비제도(FOMC)의 행보와 중동 긴장 요인이 시장에 영향을 미칠 수 있으므로 주식투자나 자산 배분에 있어서 신중한 관리가 필요합니다. 또한, 개인투자자들은 빚투 현상에 대한 경계를 늦추지 말아야 합니다.

4. 시장은 혼조한 분위기를 유지할 전망이며, 향후 미국의 통화정책과 중동 상황에 따라 변동성이 커질 수 있습니다. 따라서 안정적인 자산 배분과 리스크 관리가 필요합니다. 빅테크와 AI 업종에 대한 투자도 고려해볼 만하며, 중동 긴장과 관련된 업종들에도 주목해야 합니다. 개인투자자들은 안정적인 투자전략을 유지하고 장기적인 시각으로 투자 결정을 내리는 것이 중요합니다."
"러 조선소와 계약해지 '삼성중공업', 하락세에도 순매수 1위 [주식 초고수는 지금]",https://finance.naver.com/news/news_read.naver?article_id=0004498924&office_id=011&mode=mainnews&type=&date=2025-06-19&page=1,네이버,2025-06-19 16:15:00.959755,0.0,"1. 현재 시장은 미국과 중동의 긴장으로 혼조한 분위기를 보이고 있습니다. 미국의 연방준비제도(FOMC)의 금리 결정과 중동의 지정학적 불확실성이 시장에 영향을 미치고 있습니다. 미국 증시는 약보합을 보이며 관망세를 유지하고 있습니다. 한편, 국내에서는 개미들의 빚투 현상과 투자심리에 대한 우려가 높아지고 있습니다.

2. 업종 중에서는 빅테크와 인공지능(AI) 관련 기업들이 주목받고 있습니다. 미래에셋벤처와 네이버 등 AI 산업의 수혜주로 주목할 필요가 있습니다. 또한, 방산주와 통화정책에 관련된 업종들이 중동 긴장과 관련해 강세를 보이고 있습니다.

3. 투자자들은 미국의 통화정책 변화와 중동 상황을 주시해야 합니다. 미국의 연방준비제도(FOMC)의 행보와 중동 긴장 요인이 시장에 영향을 미칠 수 있으므로 주식투자나 자산 배분에 있어서 신중한 관리가 필요합니다. 또한, 개인투자자들은 빚투 현상에 대한 경계를 늦추지 말아야 합니다.

4. 시장은 혼조한 분위기를 유지할 전망이며, 향후 미국의 통화정책과 중동 상황에 따라 변동성이 커질 수 있습니다. 따라서 안정적인 자산 배분과 리스크 관리가 필요합니다. 빅테크와 AI 업종에 대한 투자도 고려해볼 만하며, 중동 긴장과 관련된 업종들에도 주목해야 합니다. 개인투자자들은 안정적인 투자전략을 유지하고 장기적인 시각으로 투자 결정을 내리는 것이 중요합니다."
코스피 뛰자 ‘빚투’ 3년만에 최대… 대기 자금도 65조원 돌파,https://finance.naver.com/news/news_read.naver?article_id=0002717096&office_id=021&mode=mainnews&type=&date=2025-06-19&page=1,네이버,2025-06-19 16:15:00.959755,0.0,"1. 현재 시장은 미국과 중동의 긴장으로 혼조한 분위기를 보이고 있습니다. 미국의 연방준비제도(FOMC)의 금리 결정과 중동의 지정학적 불확실성이 시장에 영향을 미치고 있습니다. 미국 증시는 약보합을 보이며 관망세를 유지하고 있습니다. 한편, 국내에서는 개미들의 빚투 현상과 투자심리에 대한 우려가 높아지고 있습니다.

2. 업종 중에서는 빅테크와 인공지능(AI) 관련 기업들이 주목받고 있습니다. 미래에셋벤처와 네이버 등 AI 산업의 수혜주로 주목할 필요가 있습니다. 또한, 방산주와 통화정책에 관련된 업종들이 중동 긴장과 관련해 강세를 보이고 있습니다.

3. 투자자들은 미국의 통화정책 변화와 중동 상황을 주시해야 합니다. 미국의 연방준비제도(FOMC)의 행보와 중동 긴장 요인이 시장에 영향을 미칠 수 있으므로 주식투자나 자산 배분에 있어서 신중한 관리가 필요합니다. 또한, 개인투자자들은 빚투 현상에 대한 경계를 늦추지 말아야 합니다.

4. 시장은 혼조한 분위기를 유지할 전망이며, 향후 미국의 통화정책과 중동 상황에 따라 변동성이 커질 수 있습니다. 따라서 안정적인 자산 배분과 리스크 관리가 필요합니다. 빅테크와 AI 업종에 대한 투자도 고려해볼 만하며, 중동 긴장과 관련된 업종들에도 주목해야 합니다. 개인투자자들은 안정적인 투자전략을 유지하고 장기적인 시각으로 투자 결정을 내리는 것이 중요합니다."
대통령 공약에 한은 총재 힘 실었다…코인·전자결제株 줄줄이 폭등,https://finance.naver.com/news/news_read.naver?article_id=0005209736&office_id=008&mode=mainnews&type=&date=2025-06-19&page=1,네이버,2025-06-19 16:15:00.959755,0.0,"1. 현재 시장은 미국과 중동의 긴장으로 혼조한 분위기를 보이고 있습니다. 미국의 연방준비제도(FOMC)의 금리 결정과 중동의 지정학적 불확실성이 시장에 영향을 미치고 있습니다. 미국 증시는 약보합을 보이며 관망세를 유지하고 있습니다. 한편, 국내에서는 개미들의 빚투 현상과 투자심리에 대한 우려가 높아지고 있습니다.

2. 업종 중에서는 빅테크와 인공지능(AI) 관련 기업들이 주목받고 있습니다. 미래에셋벤처와 네이버 등 AI 산업의 수혜주로 주목할 필요가 있습니다. 또한, 방산주와 통화정책에 관련된 업종들이 중동 긴장과 관련해 강세를 보이고 있습니다.

3. 투자자들은 미국의 통화정책 변화와 중동 상황을 주시해야 합니다. 미국의 연방준비제도(FOMC)의 행보와 중동 긴장 요인이 시장에 영향을 미칠 수 있으므로 주식투자나 자산 배분에 있어서 신중한 관리가 필요합니다. 또한, 개인투자자들은 빚투 현상에 대한 경계를 늦추지 말아야 합니다.

4. 시장은 혼조한 분위기를 유지할 전망이며, 향후 미국의 통화정책과 중동 상황에 따라 변동성이 커질 수 있습니다. 따라서 안정적인 자산 배분과 리스크 관리가 필요합니다. 빅테크와 AI 업종에 대한 투자도 고려해볼 만하며, 중동 긴장과 관련된 업종들에도 주목해야 합니다. 개인투자자들은 안정적인 투자전략을 유지하고 장기적인 시각으로 투자 결정을 내리는 것이 중요합니다."
에이피알·달바 ‘시총공룡’ 반열에…K-뷰티 지각변동,https://finance.naver.com/news/news_read.naver?article_id=0002487268&office_id=016&mode=mainnews&type=&date=2025-06-19&page=1,네이버,2025-06-19 16:15:00.959755,0.0,"1. 현재 시장은 미국과 중동의 긴장으로 혼조한 분위기를 보이고 있습니다. 미국의 연방준비제도(FOMC)의 금리 결정과 중동의 지정학적 불확실성이 시장에 영향을 미치고 있습니다. 미국 증시는 약보합을 보이며 관망세를 유지하고 있습니다. 한편, 국내에서는 개미들의 빚투 현상과 투자심리에 대한 우려가 높아지고 있습니다.

2. 업종 중에서는 빅테크와 인공지능(AI) 관련 기업들이 주목받고 있습니다. 미래에셋벤처와 네이버 등 AI 산업의 수혜주로 주목할 필요가 있습니다. 또한, 방산주와 통화정책에 관련된 업종들이 중동 긴장과 관련해 강세를 보이고 있습니다.

3. 투자자들은 미국의 통화정책 변화와 중동 상황을 주시해야 합니다. 미국의 연방준비제도(FOMC)의 행보와 중동 긴장 요인이 시장에 영향을 미칠 수 있으므로 주식투자나 자산 배분에 있어서 신중한 관리가 필요합니다. 또한, 개인투자자들은 빚투 현상에 대한 경계를 늦추지 말아야 합니다.

4. 시장은 혼조한 분위기를 유지할 전망이며, 향후 미국의 통화정책과 중동 상황에 따라 변동성이 커질 수 있습니다. 따라서 안정적인 자산 배분과 리스크 관리가 필요합니다. 빅테크와 AI 업종에 대한 투자도 고려해볼 만하며, 중동 긴장과 관련된 업종들에도 주목해야 합니다. 개인투자자들은 안정적인 투자전략을 유지하고 장기적인 시각으로 투자 결정을 내리는 것이 중요합니다."
"신한운용 ‘SOL 미국원자력SMR’, 상장 한달만에 순자산 1000억원",https://finance.naver.com/news/news_read.naver?article_id=0005511363&office_id=009&mode=mainnews&type=&date=2025-06-19&page=2,네이버,2025-06-19 16:15:00.959755,0.0,"1. 현재 시장은 미국과 중동의 긴장으로 혼조한 분위기를 보이고 있습니다. 미국의 연방준비제도(FOMC)의 금리 결정과 중동의 지정학적 불확실성이 시장에 영향을 미치고 있습니다. 미국 증시는 약보합을 보이며 관망세를 유지하고 있습니다. 한편, 국내에서는 개미들의 빚투 현상과 투자심리에 대한 우려가 높아지고 있습니다.

2. 업종 중에서는 빅테크와 인공지능(AI) 관련 기업들이 주목받고 있습니다. 미래에셋벤처와 네이버 등 AI 산업의 수혜주로 주목할 필요가 있습니다. 또한, 방산주와 통화정책에 관련된 업종들이 중동 긴장과 관련해 강세를 보이고 있습니다.

3. 투자자들은 미국의 통화정책 변화와 중동 상황을 주시해야 합니다. 미국의 연방준비제도(FOMC)의 행보와 중동 긴장 요인이 시장에 영향을 미칠 수 있으므로 주식투자나 자산 배분에 있어서 신중한 관리가 필요합니다. 또한, 개인투자자들은 빚투 현상에 대한 경계를 늦추지 말아야 합니다.

4. 시장은 혼조한 분위기를 유지할 전망이며, 향후 미국의 통화정책과 중동 상황에 따라 변동성이 커질 수 있습니다. 따라서 안정적인 자산 배분과 리스크 관리가 필요합니다. 빅테크와 AI 업종에 대한 투자도 고려해볼 만하며, 중동 긴장과 관련된 업종들에도 주목해야 합니다. 개인투자자들은 안정적인 투자전략을 유지하고 장기적인 시각으로 투자 결정을 내리는 것이 중요합니다."
“BW를 주주 배정으로?”… 엘앤에프 낯선 실험 불안하게 바라보는 투자자들,https://finance.naver.com/news/news_read.naver?article_id=0001086462&office_id=366&mode=mainnews&type=&date=2025-06-19&page=2,네이버,2025-06-19 16:15:00.959755,0.0,"1. 현재 시장은 미국과 중동의 긴장으로 혼조한 분위기를 보이고 있습니다. 미국의 연방준비제도(FOMC)의 금리 결정과 중동의 지정학적 불확실성이 시장에 영향을 미치고 있습니다. 미국 증시는 약보합을 보이며 관망세를 유지하고 있습니다. 한편, 국내에서는 개미들의 빚투 현상과 투자심리에 대한 우려가 높아지고 있습니다.

2. 업종 중에서는 빅테크와 인공지능(AI) 관련 기업들이 주목받고 있습니다. 미래에셋벤처와 네이버 등 AI 산업의 수혜주로 주목할 필요가 있습니다. 또한, 방산주와 통화정책에 관련된 업종들이 중동 긴장과 관련해 강세를 보이고 있습니다.

3. 투자자들은 미국의 통화정책 변화와 중동 상황을 주시해야 합니다. 미국의 연방준비제도(FOMC)의 행보와 중동 긴장 요인이 시장에 영향을 미칠 수 있으므로 주식투자나 자산 배분에 있어서 신중한 관리가 필요합니다. 또한, 개인투자자들은 빚투 현상에 대한 경계를 늦추지 말아야 합니다.

4. 시장은 혼조한 분위기를 유지할 전망이며, 향후 미국의 통화정책과 중동 상황에 따라 변동성이 커질 수 있습니다. 따라서 안정적인 자산 배분과 리스크 관리가 필요합니다. 빅테크와 AI 업종에 대한 투자도 고려해볼 만하며, 중동 긴장과 관련된 업종들에도 주목해야 합니다. 개인투자자들은 안정적인 투자전략을 유지하고 장기적인 시각으로 투자 결정을 내리는 것이 중요합니다."
MBK 홈플러스 구주 전량 소각에…국민연금 투자금 295억 '0원' 처리,https://finance.naver.com/news/news_read.naver?article_id=0013312541&office_id=003&mode=mainnews&type=&date=2025-06-19&page=2,네이버,2025-06-19 16:15:00.959755,0.0,"1. 현재 시장은 미국과 중동의 긴장으로 혼조한 분위기를 보이고 있습니다. 미국의 연방준비제도(FOMC)의 금리 결정과 중동의 지정학적 불확실성이 시장에 영향을 미치고 있습니다. 미국 증시는 약보합을 보이며 관망세를 유지하고 있습니다. 한편, 국내에서는 개미들의 빚투 현상과 투자심리에 대한 우려가 높아지고 있습니다.

2. 업종 중에서는 빅테크와 인공지능(AI) 관련 기업들이 주목받고 있습니다. 미래에셋벤처와 네이버 등 AI 산업의 수혜주로 주목할 필요가 있습니다. 또한, 방산주와 통화정책에 관련된 업종들이 중동 긴장과 관련해 강세를 보이고 있습니다.

3. 투자자들은 미국의 통화정책 변화와 중동 상황을 주시해야 합니다. 미국의 연방준비제도(FOMC)의 행보와 중동 긴장 요인이 시장에 영향을 미칠 수 있으므로 주식투자나 자산 배분에 있어서 신중한 관리가 필요합니다. 또한, 개인투자자들은 빚투 현상에 대한 경계를 늦추지 말아야 합니다.

4. 시장은 혼조한 분위기를 유지할 전망이며, 향후 미국의 통화정책과 중동 상황에 따라 변동성이 커질 수 있습니다. 따라서 안정적인 자산 배분과 리스크 관리가 필요합니다. 빅테크와 AI 업종에 대한 투자도 고려해볼 만하며, 중동 긴장과 관련된 업종들에도 주목해야 합니다. 개인투자자들은 안정적인 투자전략을 유지하고 장기적인 시각으로 투자 결정을 내리는 것이 중요합니다."
"""애플, 곧 아이폰 접는다""…회심의 반전 카드 될까[오늘M7]",https://finance.naver.com/news/news_read.naver?article_id=0006043234&office_id=018&mode=mainnews&type=&date=2025-06-19&page=2,네이버,2025-06-19 16:15:00.959755,0.0,"1. 현재 시장은 미국과 중동의 긴장으로 혼조한 분위기를 보이고 있습니다. 미국의 연방준비제도(FOMC)의 금리 결정과 중동의 지정학적 불확실성이 시장에 영향을 미치고 있습니다. 미국 증시는 약보합을 보이며 관망세를 유지하고 있습니다. 한편, 국내에서는 개미들의 빚투 현상과 투자심리에 대한 우려가 높아지고 있습니다.

2. 업종 중에서는 빅테크와 인공지능(AI) 관련 기업들이 주목받고 있습니다. 미래에셋벤처와 네이버 등 AI 산업의 수혜주로 주목할 필요가 있습니다. 또한, 방산주와 통화정책에 관련된 업종들이 중동 긴장과 관련해 강세를 보이고 있습니다.

3. 투자자들은 미국의 통화정책 변화와 중동 상황을 주시해야 합니다. 미국의 연방준비제도(FOMC)의 행보와 중동 긴장 요인이 시장에 영향을 미칠 수 있으므로 주식투자나 자산 배분에 있어서 신중한 관리가 필요합니다. 또한, 개인투자자들은 빚투 현상에 대한 경계를 늦추지 말아야 합니다.

4. 시장은 혼조한 분위기를 유지할 전망이며, 향후 미국의 통화정책과 중동 상황에 따라 변동성이 커질 수 있습니다. 따라서 안정적인 자산 배분과 리스크 관리가 필요합니다. 빅테크와 AI 업종에 대한 투자도 고려해볼 만하며, 중동 긴장과 관련된 업종들에도 주목해야 합니다. 개인투자자들은 안정적인 투자전략을 유지하고 장기적인 시각으로 투자 결정을 내리는 것이 중요합니다."
"코스피, 중동 긴장 속 3,000선 문턱서 주춤…FOMC 영향 제한적",https://finance.naver.com/news/news_read.naver?article_id=0000079856&office_id=243&mode=mainnews&type=&date=2025-06-19&page=2,네이버,2025-06-19 16:15:00.959755,0.0,"1. 현재 시장은 미국과 중동의 긴장으로 혼조한 분위기를 보이고 있습니다. 미국의 연방준비제도(FOMC)의 금리 결정과 중동의 지정학적 불확실성이 시장에 영향을 미치고 있습니다. 미국 증시는 약보합을 보이며 관망세를 유지하고 있습니다. 한편, 국내에서는 개미들의 빚투 현상과 투자심리에 대한 우려가 높아지고 있습니다.

2. 업종 중에서는 빅테크와 인공지능(AI) 관련 기업들이 주목받고 있습니다. 미래에셋벤처와 네이버 등 AI 산업의 수혜주로 주목할 필요가 있습니다. 또한, 방산주와 통화정책에 관련된 업종들이 중동 긴장과 관련해 강세를 보이고 있습니다.

3. 투자자들은 미국의 통화정책 변화와 중동 상황을 주시해야 합니다. 미국의 연방준비제도(FOMC)의 행보와 중동 긴장 요인이 시장에 영향을 미칠 수 있으므로 주식투자나 자산 배분에 있어서 신중한 관리가 필요합니다. 또한, 개인투자자들은 빚투 현상에 대한 경계를 늦추지 말아야 합니다.

4. 시장은 혼조한 분위기를 유지할 전망이며, 향후 미국의 통화정책과 중동 상황에 따라 변동성이 커질 수 있습니다. 따라서 안정적인 자산 배분과 리스크 관리가 필요합니다. 빅테크와 AI 업종에 대한 투자도 고려해볼 만하며, 중동 긴장과 관련된 업종들에도 주목해야 합니다. 개인투자자들은 안정적인 투자전략을 유지하고 장기적인 시각으로 투자 결정을 내리는 것이 중요합니다."
트럼프發 시장 혼란에도 '국채'… 외국인 순매도 '소폭',https://finance.naver.com/news/news_read.naver?article_id=0005610004&office_id=277&mode=mainnews&type=&date=2025-06-19&page=2,네이버,2025-06-19 16:15:00.959755,0.0,"1. 현재 시장은 미국과 중동의 긴장으로 혼조한 분위기를 보이고 있습니다. 미국의 연방준비제도(FOMC)의 금리 결정과 중동의 지정학적 불확실성이 시장에 영향을 미치고 있습니다. 미국 증시는 약보합을 보이며 관망세를 유지하고 있습니다. 한편, 국내에서는 개미들의 빚투 현상과 투자심리에 대한 우려가 높아지고 있습니다.

2. 업종 중에서는 빅테크와 인공지능(AI) 관련 기업들이 주목받고 있습니다. 미래에셋벤처와 네이버 등 AI 산업의 수혜주로 주목할 필요가 있습니다. 또한, 방산주와 통화정책에 관련된 업종들이 중동 긴장과 관련해 강세를 보이고 있습니다.

3. 투자자들은 미국의 통화정책 변화와 중동 상황을 주시해야 합니다. 미국의 연방준비제도(FOMC)의 행보와 중동 긴장 요인이 시장에 영향을 미칠 수 있으므로 주식투자나 자산 배분에 있어서 신중한 관리가 필요합니다. 또한, 개인투자자들은 빚투 현상에 대한 경계를 늦추지 말아야 합니다.

4. 시장은 혼조한 분위기를 유지할 전망이며, 향후 미국의 통화정책과 중동 상황에 따라 변동성이 커질 수 있습니다. 따라서 안정적인 자산 배분과 리스크 관리가 필요합니다. 빅테크와 AI 업종에 대한 투자도 고려해볼 만하며, 중동 긴장과 관련된 업종들에도 주목해야 합니다. 개인투자자들은 안정적인 투자전략을 유지하고 장기적인 시각으로 투자 결정을 내리는 것이 중요합니다."
"AI 이후 주도주는? 로봇 vs 반도체, 투자자는 어디로? [진짜 주식 3부]",https://finance.naver.com/news/news_read.naver?article_id=0001213270&office_id=215&mode=mainnews&type=&date=2025-06-19&page=2,네이버,2025-06-19 16:15:00.959755,0.0,"1. 현재 시장은 미국과 중동의 긴장으로 혼조한 분위기를 보이고 있습니다. 미국의 연방준비제도(FOMC)의 금리 결정과 중동의 지정학적 불확실성이 시장에 영향을 미치고 있습니다. 미국 증시는 약보합을 보이며 관망세를 유지하고 있습니다. 한편, 국내에서는 개미들의 빚투 현상과 투자심리에 대한 우려가 높아지고 있습니다.

2. 업종 중에서는 빅테크와 인공지능(AI) 관련 기업들이 주목받고 있습니다. 미래에셋벤처와 네이버 등 AI 산업의 수혜주로 주목할 필요가 있습니다. 또한, 방산주와 통화정책에 관련된 업종들이 중동 긴장과 관련해 강세를 보이고 있습니다.

3. 투자자들은 미국의 통화정책 변화와 중동 상황을 주시해야 합니다. 미국의 연방준비제도(FOMC)의 행보와 중동 긴장 요인이 시장에 영향을 미칠 수 있으므로 주식투자나 자산 배분에 있어서 신중한 관리가 필요합니다. 또한, 개인투자자들은 빚투 현상에 대한 경계를 늦추지 말아야 합니다.

4. 시장은 혼조한 분위기를 유지할 전망이며, 향후 미국의 통화정책과 중동 상황에 따라 변동성이 커질 수 있습니다. 따라서 안정적인 자산 배분과 리스크 관리가 필요합니다. 빅테크와 AI 업종에 대한 투자도 고려해볼 만하며, 중동 긴장과 관련된 업종들에도 주목해야 합니다. 개인투자자들은 안정적인 투자전략을 유지하고 장기적인 시각으로 투자 결정을 내리는 것이 중요합니다."
"""증여주식 내놔라"" 콜마그룹 '집안싸움'에…콜마홀딩스 이틀째 강세[핫종목]",https://finance.naver.com/news/news_read.naver?article_id=0008320592&office_id=421&mode=mainnews&type=&date=2025-06-19&page=2,네이버,2025-06-19 16:15:00.959755,0.0,"1. 현재 시장은 미국과 중동의 긴장으로 혼조한 분위기를 보이고 있습니다. 미국의 연방준비제도(FOMC)의 금리 결정과 중동의 지정학적 불확실성이 시장에 영향을 미치고 있습니다. 미국 증시는 약보합을 보이며 관망세를 유지하고 있습니다. 한편, 국내에서는 개미들의 빚투 현상과 투자심리에 대한 우려가 높아지고 있습니다.

2. 업종 중에서는 빅테크와 인공지능(AI) 관련 기업들이 주목받고 있습니다. 미래에셋벤처와 네이버 등 AI 산업의 수혜주로 주목할 필요가 있습니다. 또한, 방산주와 통화정책에 관련된 업종들이 중동 긴장과 관련해 강세를 보이고 있습니다.

3. 투자자들은 미국의 통화정책 변화와 중동 상황을 주시해야 합니다. 미국의 연방준비제도(FOMC)의 행보와 중동 긴장 요인이 시장에 영향을 미칠 수 있으므로 주식투자나 자산 배분에 있어서 신중한 관리가 필요합니다. 또한, 개인투자자들은 빚투 현상에 대한 경계를 늦추지 말아야 합니다.

4. 시장은 혼조한 분위기를 유지할 전망이며, 향후 미국의 통화정책과 중동 상황에 따라 변동성이 커질 수 있습니다. 따라서 안정적인 자산 배분과 리스크 관리가 필요합니다. 빅테크와 AI 업종에 대한 투자도 고려해볼 만하며, 중동 긴장과 관련된 업종들에도 주목해야 합니다. 개인투자자들은 안정적인 투자전략을 유지하고 장기적인 시각으로 투자 결정을 내리는 것이 중요합니다."
"시선AI, 정부 AI 정책 기대에 주가 급등…CB전환 청구 잇따라",https://finance.naver.com/news/news_read.naver?article_id=0013312381&office_id=003&mode=mainnews&type=&date=2025-06-19&page=2,네이버,2025-06-19 16:15:00.959755,0.0,"1. 현재 시장은 미국과 중동의 긴장으로 혼조한 분위기를 보이고 있습니다. 미국의 연방준비제도(FOMC)의 금리 결정과 중동의 지정학적 불확실성이 시장에 영향을 미치고 있습니다. 미국 증시는 약보합을 보이며 관망세를 유지하고 있습니다. 한편, 국내에서는 개미들의 빚투 현상과 투자심리에 대한 우려가 높아지고 있습니다.

2. 업종 중에서는 빅테크와 인공지능(AI) 관련 기업들이 주목받고 있습니다. 미래에셋벤처와 네이버 등 AI 산업의 수혜주로 주목할 필요가 있습니다. 또한, 방산주와 통화정책에 관련된 업종들이 중동 긴장과 관련해 강세를 보이고 있습니다.

3. 투자자들은 미국의 통화정책 변화와 중동 상황을 주시해야 합니다. 미국의 연방준비제도(FOMC)의 행보와 중동 긴장 요인이 시장에 영향을 미칠 수 있으므로 주식투자나 자산 배분에 있어서 신중한 관리가 필요합니다. 또한, 개인투자자들은 빚투 현상에 대한 경계를 늦추지 말아야 합니다.

4. 시장은 혼조한 분위기를 유지할 전망이며, 향후 미국의 통화정책과 중동 상황에 따라 변동성이 커질 수 있습니다. 따라서 안정적인 자산 배분과 리스크 관리가 필요합니다. 빅테크와 AI 업종에 대한 투자도 고려해볼 만하며, 중동 긴장과 관련된 업종들에도 주목해야 합니다. 개인투자자들은 안정적인 투자전략을 유지하고 장기적인 시각으로 투자 결정을 내리는 것이 중요합니다."
"'범LG家' 구본호, CSA 코스믹 등 상장사 지분 잇단 매입",https://finance.naver.com/news/news_read.naver?article_id=0013312379&office_id=003&mode=mainnews&type=&date=2025-06-19&page=2,네이버,2025-06-19 16:15:00.959755,0.0,"1. 현재 시장은 미국과 중동의 긴장으로 혼조한 분위기를 보이고 있습니다. 미국의 연방준비제도(FOMC)의 금리 결정과 중동의 지정학적 불확실성이 시장에 영향을 미치고 있습니다. 미국 증시는 약보합을 보이며 관망세를 유지하고 있습니다. 한편, 국내에서는 개미들의 빚투 현상과 투자심리에 대한 우려가 높아지고 있습니다.

2. 업종 중에서는 빅테크와 인공지능(AI) 관련 기업들이 주목받고 있습니다. 미래에셋벤처와 네이버 등 AI 산업의 수혜주로 주목할 필요가 있습니다. 또한, 방산주와 통화정책에 관련된 업종들이 중동 긴장과 관련해 강세를 보이고 있습니다.

3. 투자자들은 미국의 통화정책 변화와 중동 상황을 주시해야 합니다. 미국의 연방준비제도(FOMC)의 행보와 중동 긴장 요인이 시장에 영향을 미칠 수 있으므로 주식투자나 자산 배분에 있어서 신중한 관리가 필요합니다. 또한, 개인투자자들은 빚투 현상에 대한 경계를 늦추지 말아야 합니다.

4. 시장은 혼조한 분위기를 유지할 전망이며, 향후 미국의 통화정책과 중동 상황에 따라 변동성이 커질 수 있습니다. 따라서 안정적인 자산 배분과 리스크 관리가 필요합니다. 빅테크와 AI 업종에 대한 투자도 고려해볼 만하며, 중동 긴장과 관련된 업종들에도 주목해야 합니다. 개인투자자들은 안정적인 투자전략을 유지하고 장기적인 시각으로 투자 결정을 내리는 것이 중요합니다."
"네이버의 부활, 2거래일간 23% 급등…코스피 시총 '톱10' 진입[핫종목]",https://finance.naver.com/news/news_read.naver?article_id=0008320537&office_id=421&mode=mainnews&type=&date=2025-06-19&page=2,네이버,2025-06-19 16:15:00.959755,0.0,"1. 현재 시장은 미국과 중동의 긴장으로 혼조한 분위기를 보이고 있습니다. 미국의 연방준비제도(FOMC)의 금리 결정과 중동의 지정학적 불확실성이 시장에 영향을 미치고 있습니다. 미국 증시는 약보합을 보이며 관망세를 유지하고 있습니다. 한편, 국내에서는 개미들의 빚투 현상과 투자심리에 대한 우려가 높아지고 있습니다.

2. 업종 중에서는 빅테크와 인공지능(AI) 관련 기업들이 주목받고 있습니다. 미래에셋벤처와 네이버 등 AI 산업의 수혜주로 주목할 필요가 있습니다. 또한, 방산주와 통화정책에 관련된 업종들이 중동 긴장과 관련해 강세를 보이고 있습니다.

3. 투자자들은 미국의 통화정책 변화와 중동 상황을 주시해야 합니다. 미국의 연방준비제도(FOMC)의 행보와 중동 긴장 요인이 시장에 영향을 미칠 수 있으므로 주식투자나 자산 배분에 있어서 신중한 관리가 필요합니다. 또한, 개인투자자들은 빚투 현상에 대한 경계를 늦추지 말아야 합니다.

4. 시장은 혼조한 분위기를 유지할 전망이며, 향후 미국의 통화정책과 중동 상황에 따라 변동성이 커질 수 있습니다. 따라서 안정적인 자산 배분과 리스크 관리가 필요합니다. 빅테크와 AI 업종에 대한 투자도 고려해볼 만하며, 중동 긴장과 관련된 업종들에도 주목해야 합니다. 개인투자자들은 안정적인 투자전략을 유지하고 장기적인 시각으로 투자 결정을 내리는 것이 중요합니다."
"""카카오 이제 '밉상 주식' 아닙니다""…하루 만에 무슨 일이",https://finance.naver.com/news/news_read.naver?article_id=0005146663&office_id=015&mode=mainnews&type=&date=2025-06-19&page=2,네이버,2025-06-19 16:15:00.959755,0.0,"1. 현재 시장은 미국과 중동의 긴장으로 혼조한 분위기를 보이고 있습니다. 미국의 연방준비제도(FOMC)의 금리 결정과 중동의 지정학적 불확실성이 시장에 영향을 미치고 있습니다. 미국 증시는 약보합을 보이며 관망세를 유지하고 있습니다. 한편, 국내에서는 개미들의 빚투 현상과 투자심리에 대한 우려가 높아지고 있습니다.

2. 업종 중에서는 빅테크와 인공지능(AI) 관련 기업들이 주목받고 있습니다. 미래에셋벤처와 네이버 등 AI 산업의 수혜주로 주목할 필요가 있습니다. 또한, 방산주와 통화정책에 관련된 업종들이 중동 긴장과 관련해 강세를 보이고 있습니다.

3. 투자자들은 미국의 통화정책 변화와 중동 상황을 주시해야 합니다. 미국의 연방준비제도(FOMC)의 행보와 중동 긴장 요인이 시장에 영향을 미칠 수 있으므로 주식투자나 자산 배분에 있어서 신중한 관리가 필요합니다. 또한, 개인투자자들은 빚투 현상에 대한 경계를 늦추지 말아야 합니다.

4. 시장은 혼조한 분위기를 유지할 전망이며, 향후 미국의 통화정책과 중동 상황에 따라 변동성이 커질 수 있습니다. 따라서 안정적인 자산 배분과 리스크 관리가 필요합니다. 빅테크와 AI 업종에 대한 투자도 고려해볼 만하며, 중동 긴장과 관련된 업종들에도 주목해야 합니다. 개인투자자들은 안정적인 투자전략을 유지하고 장기적인 시각으로 투자 결정을 내리는 것이 중요합니다."
"“파월 美 연준, 9월 ‘금리 인하’ 개시” 무게추…연내 ‘1회 vs 3회’ 엇갈려 [투자360]",https://finance.naver.com/news/news_read.naver?article_id=0002487143&office_id=016&mode=mainnews&type=&date=2025-06-19&page=2,네이버,2025-06-19 16:15:00.959755,0.0,"1. 현재 시장은 미국과 중동의 긴장으로 혼조한 분위기를 보이고 있습니다. 미국의 연방준비제도(FOMC)의 금리 결정과 중동의 지정학적 불확실성이 시장에 영향을 미치고 있습니다. 미국 증시는 약보합을 보이며 관망세를 유지하고 있습니다. 한편, 국내에서는 개미들의 빚투 현상과 투자심리에 대한 우려가 높아지고 있습니다.

2. 업종 중에서는 빅테크와 인공지능(AI) 관련 기업들이 주목받고 있습니다. 미래에셋벤처와 네이버 등 AI 산업의 수혜주로 주목할 필요가 있습니다. 또한, 방산주와 통화정책에 관련된 업종들이 중동 긴장과 관련해 강세를 보이고 있습니다.

3. 투자자들은 미국의 통화정책 변화와 중동 상황을 주시해야 합니다. 미국의 연방준비제도(FOMC)의 행보와 중동 긴장 요인이 시장에 영향을 미칠 수 있으므로 주식투자나 자산 배분에 있어서 신중한 관리가 필요합니다. 또한, 개인투자자들은 빚투 현상에 대한 경계를 늦추지 말아야 합니다.

4. 시장은 혼조한 분위기를 유지할 전망이며, 향후 미국의 통화정책과 중동 상황에 따라 변동성이 커질 수 있습니다. 따라서 안정적인 자산 배분과 리스크 관리가 필요합니다. 빅테크와 AI 업종에 대한 투자도 고려해볼 만하며, 중동 긴장과 관련된 업종들에도 주목해야 합니다. 개인투자자들은 안정적인 투자전략을 유지하고 장기적인 시각으로 투자 결정을 내리는 것이 중요합니다."
“벌써 세배 올랐지만 기세 안 꺾이네”…자고 일어나면 희소식 터지는 원전주,https://finance.naver.com/news/news_read.naver?article_id=0005511289&office_id=009&mode=mainnews&type=&date=2025-06-19&page=2,네이버,2025-06-19 16:15:00.959755,0.0,"1. 현재 시장은 미국과 중동의 긴장으로 혼조한 분위기를 보이고 있습니다. 미국의 연방준비제도(FOMC)의 금리 결정과 중동의 지정학적 불확실성이 시장에 영향을 미치고 있습니다. 미국 증시는 약보합을 보이며 관망세를 유지하고 있습니다. 한편, 국내에서는 개미들의 빚투 현상과 투자심리에 대한 우려가 높아지고 있습니다.

2. 업종 중에서는 빅테크와 인공지능(AI) 관련 기업들이 주목받고 있습니다. 미래에셋벤처와 네이버 등 AI 산업의 수혜주로 주목할 필요가 있습니다. 또한, 방산주와 통화정책에 관련된 업종들이 중동 긴장과 관련해 강세를 보이고 있습니다.

3. 투자자들은 미국의 통화정책 변화와 중동 상황을 주시해야 합니다. 미국의 연방준비제도(FOMC)의 행보와 중동 긴장 요인이 시장에 영향을 미칠 수 있으므로 주식투자나 자산 배분에 있어서 신중한 관리가 필요합니다. 또한, 개인투자자들은 빚투 현상에 대한 경계를 늦추지 말아야 합니다.

4. 시장은 혼조한 분위기를 유지할 전망이며, 향후 미국의 통화정책과 중동 상황에 따라 변동성이 커질 수 있습니다. 따라서 안정적인 자산 배분과 리스크 관리가 필요합니다. 빅테크와 AI 업종에 대한 투자도 고려해볼 만하며, 중동 긴장과 관련된 업종들에도 주목해야 합니다. 개인투자자들은 안정적인 투자전략을 유지하고 장기적인 시각으로 투자 결정을 내리는 것이 중요합니다."
"삼양컴텍, 'K2전차 장갑' 수출 확대 기대… 코스닥 간다[체크!IPO]",https://finance.naver.com/news/news_read.naver?article_id=0001084044&office_id=417&mode=mainnews&type=&date=2025-06-19&page=2,네이버,2025-06-19 16:15:00.959755,0.0,"1. 현재 시장은 미국과 중동의 긴장으로 혼조한 분위기를 보이고 있습니다. 미국의 연방준비제도(FOMC)의 금리 결정과 중동의 지정학적 불확실성이 시장에 영향을 미치고 있습니다. 미국 증시는 약보합을 보이며 관망세를 유지하고 있습니다. 한편, 국내에서는 개미들의 빚투 현상과 투자심리에 대한 우려가 높아지고 있습니다.

2. 업종 중에서는 빅테크와 인공지능(AI) 관련 기업들이 주목받고 있습니다. 미래에셋벤처와 네이버 등 AI 산업의 수혜주로 주목할 필요가 있습니다. 또한, 방산주와 통화정책에 관련된 업종들이 중동 긴장과 관련해 강세를 보이고 있습니다.

3. 투자자들은 미국의 통화정책 변화와 중동 상황을 주시해야 합니다. 미국의 연방준비제도(FOMC)의 행보와 중동 긴장 요인이 시장에 영향을 미칠 수 있으므로 주식투자나 자산 배분에 있어서 신중한 관리가 필요합니다. 또한, 개인투자자들은 빚투 현상에 대한 경계를 늦추지 말아야 합니다.

4. 시장은 혼조한 분위기를 유지할 전망이며, 향후 미국의 통화정책과 중동 상황에 따라 변동성이 커질 수 있습니다. 따라서 안정적인 자산 배분과 리스크 관리가 필요합니다. 빅테크와 AI 업종에 대한 투자도 고려해볼 만하며, 중동 긴장과 관련된 업종들에도 주목해야 합니다. 개인투자자들은 안정적인 투자전략을 유지하고 장기적인 시각으로 투자 결정을 내리는 것이 중요합니다."
"""보스턴다이내믹스 상장 임박…현대차 지배구조 개편 시동""",https://finance.naver.com/news/news_read.naver?article_id=0006043162&office_id=018&mode=mainnews&type=&date=2025-06-19&page=2,네이버,2025-06-19 16:15:00.959755,0.0,"1. 현재 시장은 미국과 중동의 긴장으로 혼조한 분위기를 보이고 있습니다. 미국의 연방준비제도(FOMC)의 금리 결정과 중동의 지정학적 불확실성이 시장에 영향을 미치고 있습니다. 미국 증시는 약보합을 보이며 관망세를 유지하고 있습니다. 한편, 국내에서는 개미들의 빚투 현상과 투자심리에 대한 우려가 높아지고 있습니다.

2. 업종 중에서는 빅테크와 인공지능(AI) 관련 기업들이 주목받고 있습니다. 미래에셋벤처와 네이버 등 AI 산업의 수혜주로 주목할 필요가 있습니다. 또한, 방산주와 통화정책에 관련된 업종들이 중동 긴장과 관련해 강세를 보이고 있습니다.

3. 투자자들은 미국의 통화정책 변화와 중동 상황을 주시해야 합니다. 미국의 연방준비제도(FOMC)의 행보와 중동 긴장 요인이 시장에 영향을 미칠 수 있으므로 주식투자나 자산 배분에 있어서 신중한 관리가 필요합니다. 또한, 개인투자자들은 빚투 현상에 대한 경계를 늦추지 말아야 합니다.

4. 시장은 혼조한 분위기를 유지할 전망이며, 향후 미국의 통화정책과 중동 상황에 따라 변동성이 커질 수 있습니다. 따라서 안정적인 자산 배분과 리스크 관리가 필요합니다. 빅테크와 AI 업종에 대한 투자도 고려해볼 만하며, 중동 긴장과 관련된 업종들에도 주목해야 합니다. 개인투자자들은 안정적인 투자전략을 유지하고 장기적인 시각으로 투자 결정을 내리는 것이 중요합니다."
하루 만에 33.82% '쑥'…美 스테이블코인 관련주에 몰렸다,https://finance.naver.com/news/news_read.naver?article_id=0005209623&office_id=008&mode=mainnews&type=&date=2025-06-19&page=2,네이버,2025-06-19 16:15:00.959755,0.0,"1. 현재 시장은 미국과 중동의 긴장으로 혼조한 분위기를 보이고 있습니다. 미국의 연방준비제도(FOMC)의 금리 결정과 중동의 지정학적 불확실성이 시장에 영향을 미치고 있습니다. 미국 증시는 약보합을 보이며 관망세를 유지하고 있습니다. 한편, 국내에서는 개미들의 빚투 현상과 투자심리에 대한 우려가 높아지고 있습니다.

2. 업종 중에서는 빅테크와 인공지능(AI) 관련 기업들이 주목받고 있습니다. 미래에셋벤처와 네이버 등 AI 산업의 수혜주로 주목할 필요가 있습니다. 또한, 방산주와 통화정책에 관련된 업종들이 중동 긴장과 관련해 강세를 보이고 있습니다.

3. 투자자들은 미국의 통화정책 변화와 중동 상황을 주시해야 합니다. 미국의 연방준비제도(FOMC)의 행보와 중동 긴장 요인이 시장에 영향을 미칠 수 있으므로 주식투자나 자산 배분에 있어서 신중한 관리가 필요합니다. 또한, 개인투자자들은 빚투 현상에 대한 경계를 늦추지 말아야 합니다.

4. 시장은 혼조한 분위기를 유지할 전망이며, 향후 미국의 통화정책과 중동 상황에 따라 변동성이 커질 수 있습니다. 따라서 안정적인 자산 배분과 리스크 관리가 필요합니다. 빅테크와 AI 업종에 대한 투자도 고려해볼 만하며, 중동 긴장과 관련된 업종들에도 주목해야 합니다. 개인투자자들은 안정적인 투자전략을 유지하고 장기적인 시각으로 투자 결정을 내리는 것이 중요합니다."
'6만전자' 코 앞서 멈칫한 삼성전자... 하반기엔 웃을까?,https://finance.naver.com/news/news_read.naver?article_id=0005365303&office_id=014&mode=mainnews&type=&date=2025-06-19&page=2,네이버,2025-06-19 16:15:00.959755,0.0,"1. 현재 시장은 미국과 중동의 긴장으로 혼조한 분위기를 보이고 있습니다. 미국의 연방준비제도(FOMC)의 금리 결정과 중동의 지정학적 불확실성이 시장에 영향을 미치고 있습니다. 미국 증시는 약보합을 보이며 관망세를 유지하고 있습니다. 한편, 국내에서는 개미들의 빚투 현상과 투자심리에 대한 우려가 높아지고 있습니다.

2. 업종 중에서는 빅테크와 인공지능(AI) 관련 기업들이 주목받고 있습니다. 미래에셋벤처와 네이버 등 AI 산업의 수혜주로 주목할 필요가 있습니다. 또한, 방산주와 통화정책에 관련된 업종들이 중동 긴장과 관련해 강세를 보이고 있습니다.

3. 투자자들은 미국의 통화정책 변화와 중동 상황을 주시해야 합니다. 미국의 연방준비제도(FOMC)의 행보와 중동 긴장 요인이 시장에 영향을 미칠 수 있으므로 주식투자나 자산 배분에 있어서 신중한 관리가 필요합니다. 또한, 개인투자자들은 빚투 현상에 대한 경계를 늦추지 말아야 합니다.

4. 시장은 혼조한 분위기를 유지할 전망이며, 향후 미국의 통화정책과 중동 상황에 따라 변동성이 커질 수 있습니다. 따라서 안정적인 자산 배분과 리스크 관리가 필요합니다. 빅테크와 AI 업종에 대한 투자도 고려해볼 만하며, 중동 긴장과 관련된 업종들에도 주목해야 합니다. 개인투자자들은 안정적인 투자전략을 유지하고 장기적인 시각으로 투자 결정을 내리는 것이 중요합니다."
“금 대신 콩” 맥도널드도 픽한 ‘농산물 ETF’ 다시 주목받는 이유 [투자360],https://finance.naver.com/news/news_read.naver?article_id=0002487083&office_id=016&mode=mainnews&type=&date=2025-06-19&page=2,네이버,2025-06-19 16:15:00.959755,0.0,"1. 현재 시장은 미국과 중동의 긴장으로 혼조한 분위기를 보이고 있습니다. 미국의 연방준비제도(FOMC)의 금리 결정과 중동의 지정학적 불확실성이 시장에 영향을 미치고 있습니다. 미국 증시는 약보합을 보이며 관망세를 유지하고 있습니다. 한편, 국내에서는 개미들의 빚투 현상과 투자심리에 대한 우려가 높아지고 있습니다.

2. 업종 중에서는 빅테크와 인공지능(AI) 관련 기업들이 주목받고 있습니다. 미래에셋벤처와 네이버 등 AI 산업의 수혜주로 주목할 필요가 있습니다. 또한, 방산주와 통화정책에 관련된 업종들이 중동 긴장과 관련해 강세를 보이고 있습니다.

3. 투자자들은 미국의 통화정책 변화와 중동 상황을 주시해야 합니다. 미국의 연방준비제도(FOMC)의 행보와 중동 긴장 요인이 시장에 영향을 미칠 수 있으므로 주식투자나 자산 배분에 있어서 신중한 관리가 필요합니다. 또한, 개인투자자들은 빚투 현상에 대한 경계를 늦추지 말아야 합니다.

4. 시장은 혼조한 분위기를 유지할 전망이며, 향후 미국의 통화정책과 중동 상황에 따라 변동성이 커질 수 있습니다. 따라서 안정적인 자산 배분과 리스크 관리가 필요합니다. 빅테크와 AI 업종에 대한 투자도 고려해볼 만하며, 중동 긴장과 관련된 업종들에도 주목해야 합니다. 개인투자자들은 안정적인 투자전략을 유지하고 장기적인 시각으로 투자 결정을 내리는 것이 중요합니다."
“LG생건과 단 4칸 차이” 에이피알 1년만에 몸값 ‘5조’· 달바글로벌은 콜마 턱밑 추격 [투자360],https://finance.naver.com/news/news_read.naver?article_id=0002487071&office_id=016&mode=mainnews&type=&date=2025-06-19&page=2,네이버,2025-06-19 16:15:00.959755,0.0,"1. 현재 시장은 미국과 중동의 긴장으로 혼조한 분위기를 보이고 있습니다. 미국의 연방준비제도(FOMC)의 금리 결정과 중동의 지정학적 불확실성이 시장에 영향을 미치고 있습니다. 미국 증시는 약보합을 보이며 관망세를 유지하고 있습니다. 한편, 국내에서는 개미들의 빚투 현상과 투자심리에 대한 우려가 높아지고 있습니다.

2. 업종 중에서는 빅테크와 인공지능(AI) 관련 기업들이 주목받고 있습니다. 미래에셋벤처와 네이버 등 AI 산업의 수혜주로 주목할 필요가 있습니다. 또한, 방산주와 통화정책에 관련된 업종들이 중동 긴장과 관련해 강세를 보이고 있습니다.

3. 투자자들은 미국의 통화정책 변화와 중동 상황을 주시해야 합니다. 미국의 연방준비제도(FOMC)의 행보와 중동 긴장 요인이 시장에 영향을 미칠 수 있으므로 주식투자나 자산 배분에 있어서 신중한 관리가 필요합니다. 또한, 개인투자자들은 빚투 현상에 대한 경계를 늦추지 말아야 합니다.

4. 시장은 혼조한 분위기를 유지할 전망이며, 향후 미국의 통화정책과 중동 상황에 따라 변동성이 커질 수 있습니다. 따라서 안정적인 자산 배분과 리스크 관리가 필요합니다. 빅테크와 AI 업종에 대한 투자도 고려해볼 만하며, 중동 긴장과 관련된 업종들에도 주목해야 합니다. 개인투자자들은 안정적인 투자전략을 유지하고 장기적인 시각으로 투자 결정을 내리는 것이 중요합니다."
나스닥의 관점: 24시간 거래로 가는 길[기고],https://finance.naver.com/news/news_read.naver?article_id=0005146592&office_id=015&mode=mainnews&type=&date=2025-06-19&page=3,네이버,2025-06-19 16:15:00.959755,0.0,"1. 현재 시장은 미국과 중동의 긴장으로 혼조한 분위기를 보이고 있습니다. 미국의 연방준비제도(FOMC)의 금리 결정과 중동의 지정학적 불확실성이 시장에 영향을 미치고 있습니다. 미국 증시는 약보합을 보이며 관망세를 유지하고 있습니다. 한편, 국내에서는 개미들의 빚투 현상과 투자심리에 대한 우려가 높아지고 있습니다.

2. 업종 중에서는 빅테크와 인공지능(AI) 관련 기업들이 주목받고 있습니다. 미래에셋벤처와 네이버 등 AI 산업의 수혜주로 주목할 필요가 있습니다. 또한, 방산주와 통화정책에 관련된 업종들이 중동 긴장과 관련해 강세를 보이고 있습니다.

3. 투자자들은 미국의 통화정책 변화와 중동 상황을 주시해야 합니다. 미국의 연방준비제도(FOMC)의 행보와 중동 긴장 요인이 시장에 영향을 미칠 수 있으므로 주식투자나 자산 배분에 있어서 신중한 관리가 필요합니다. 또한, 개인투자자들은 빚투 현상에 대한 경계를 늦추지 말아야 합니다.

4. 시장은 혼조한 분위기를 유지할 전망이며, 향후 미국의 통화정책과 중동 상황에 따라 변동성이 커질 수 있습니다. 따라서 안정적인 자산 배분과 리스크 관리가 필요합니다. 빅테크와 AI 업종에 대한 투자도 고려해볼 만하며, 중동 긴장과 관련된 업종들에도 주목해야 합니다. 개인투자자들은 안정적인 투자전략을 유지하고 장기적인 시각으로 투자 결정을 내리는 것이 중요합니다."
"""한화, 저평가가 곧 투자 매력""…현대차證 목표가 상향",https://finance.naver.com/news/news_read.naver?article_id=0004498781&office_id=011&mode=mainnews&type=&date=2025-06-19&page=3,네이버,2025-06-19 16:15:00.959755,0.0,"1. 현재 시장은 미국과 중동의 긴장으로 혼조한 분위기를 보이고 있습니다. 미국의 연방준비제도(FOMC)의 금리 결정과 중동의 지정학적 불확실성이 시장에 영향을 미치고 있습니다. 미국 증시는 약보합을 보이며 관망세를 유지하고 있습니다. 한편, 국내에서는 개미들의 빚투 현상과 투자심리에 대한 우려가 높아지고 있습니다.

2. 업종 중에서는 빅테크와 인공지능(AI) 관련 기업들이 주목받고 있습니다. 미래에셋벤처와 네이버 등 AI 산업의 수혜주로 주목할 필요가 있습니다. 또한, 방산주와 통화정책에 관련된 업종들이 중동 긴장과 관련해 강세를 보이고 있습니다.

3. 투자자들은 미국의 통화정책 변화와 중동 상황을 주시해야 합니다. 미국의 연방준비제도(FOMC)의 행보와 중동 긴장 요인이 시장에 영향을 미칠 수 있으므로 주식투자나 자산 배분에 있어서 신중한 관리가 필요합니다. 또한, 개인투자자들은 빚투 현상에 대한 경계를 늦추지 말아야 합니다.

4. 시장은 혼조한 분위기를 유지할 전망이며, 향후 미국의 통화정책과 중동 상황에 따라 변동성이 커질 수 있습니다. 따라서 안정적인 자산 배분과 리스크 관리가 필요합니다. 빅테크와 AI 업종에 대한 투자도 고려해볼 만하며, 중동 긴장과 관련된 업종들에도 주목해야 합니다. 개인투자자들은 안정적인 투자전략을 유지하고 장기적인 시각으로 투자 결정을 내리는 것이 중요합니다."
운전대 없는 '아마존표' 로보택시 출시 임박…구글·테슬라와 3강 구도,https://finance.naver.com/news/news_read.naver?article_id=0005609844&office_id=277&mode=mainnews&type=&date=2025-06-19&page=3,네이버,2025-06-19 16:15:00.959755,0.0,"1. 현재 시장은 미국과 중동의 긴장으로 혼조한 분위기를 보이고 있습니다. 미국의 연방준비제도(FOMC)의 금리 결정과 중동의 지정학적 불확실성이 시장에 영향을 미치고 있습니다. 미국 증시는 약보합을 보이며 관망세를 유지하고 있습니다. 한편, 국내에서는 개미들의 빚투 현상과 투자심리에 대한 우려가 높아지고 있습니다.

2. 업종 중에서는 빅테크와 인공지능(AI) 관련 기업들이 주목받고 있습니다. 미래에셋벤처와 네이버 등 AI 산업의 수혜주로 주목할 필요가 있습니다. 또한, 방산주와 통화정책에 관련된 업종들이 중동 긴장과 관련해 강세를 보이고 있습니다.

3. 투자자들은 미국의 통화정책 변화와 중동 상황을 주시해야 합니다. 미국의 연방준비제도(FOMC)의 행보와 중동 긴장 요인이 시장에 영향을 미칠 수 있으므로 주식투자나 자산 배분에 있어서 신중한 관리가 필요합니다. 또한, 개인투자자들은 빚투 현상에 대한 경계를 늦추지 말아야 합니다.

4. 시장은 혼조한 분위기를 유지할 전망이며, 향후 미국의 통화정책과 중동 상황에 따라 변동성이 커질 수 있습니다. 따라서 안정적인 자산 배분과 리스크 관리가 필요합니다. 빅테크와 AI 업종에 대한 투자도 고려해볼 만하며, 중동 긴장과 관련된 업종들에도 주목해야 합니다. 개인투자자들은 안정적인 투자전략을 유지하고 장기적인 시각으로 투자 결정을 내리는 것이 중요합니다."
"큰손들 쓸어 담더니…""1000만원→6000만원 대박"" 개미들 환호 [종목+]",https://finance.naver.com/news/news_read.naver?article_id=0005146588&office_id=015&mode=mainnews&type=&date=2025-06-19&page=3,네이버,2025-06-19 16:15:00.959755,0.0,"1. 현재 시장은 미국과 중동의 긴장으로 혼조한 분위기를 보이고 있습니다. 미국의 연방준비제도(FOMC)의 금리 결정과 중동의 지정학적 불확실성이 시장에 영향을 미치고 있습니다. 미국 증시는 약보합을 보이며 관망세를 유지하고 있습니다. 한편, 국내에서는 개미들의 빚투 현상과 투자심리에 대한 우려가 높아지고 있습니다.

2. 업종 중에서는 빅테크와 인공지능(AI) 관련 기업들이 주목받고 있습니다. 미래에셋벤처와 네이버 등 AI 산업의 수혜주로 주목할 필요가 있습니다. 또한, 방산주와 통화정책에 관련된 업종들이 중동 긴장과 관련해 강세를 보이고 있습니다.

3. 투자자들은 미국의 통화정책 변화와 중동 상황을 주시해야 합니다. 미국의 연방준비제도(FOMC)의 행보와 중동 긴장 요인이 시장에 영향을 미칠 수 있으므로 주식투자나 자산 배분에 있어서 신중한 관리가 필요합니다. 또한, 개인투자자들은 빚투 현상에 대한 경계를 늦추지 말아야 합니다.

4. 시장은 혼조한 분위기를 유지할 전망이며, 향후 미국의 통화정책과 중동 상황에 따라 변동성이 커질 수 있습니다. 따라서 안정적인 자산 배분과 리스크 관리가 필요합니다. 빅테크와 AI 업종에 대한 투자도 고려해볼 만하며, 중동 긴장과 관련된 업종들에도 주목해야 합니다. 개인투자자들은 안정적인 투자전략을 유지하고 장기적인 시각으로 투자 결정을 내리는 것이 중요합니다."
"삼성운용 KODEX 타겟위클리커버드콜 2종, 순자산 8000억 돌파",https://finance.naver.com/news/news_read.naver?article_id=0005609837&office_id=277&mode=mainnews&type=&date=2025-06-19&page=3,네이버,2025-06-19 16:15:00.959755,0.0,"1. 현재 시장은 미국과 중동의 긴장으로 혼조한 분위기를 보이고 있습니다. 미국의 연방준비제도(FOMC)의 금리 결정과 중동의 지정학적 불확실성이 시장에 영향을 미치고 있습니다. 미국 증시는 약보합을 보이며 관망세를 유지하고 있습니다. 한편, 국내에서는 개미들의 빚투 현상과 투자심리에 대한 우려가 높아지고 있습니다.

2. 업종 중에서는 빅테크와 인공지능(AI) 관련 기업들이 주목받고 있습니다. 미래에셋벤처와 네이버 등 AI 산업의 수혜주로 주목할 필요가 있습니다. 또한, 방산주와 통화정책에 관련된 업종들이 중동 긴장과 관련해 강세를 보이고 있습니다.

3. 투자자들은 미국의 통화정책 변화와 중동 상황을 주시해야 합니다. 미국의 연방준비제도(FOMC)의 행보와 중동 긴장 요인이 시장에 영향을 미칠 수 있으므로 주식투자나 자산 배분에 있어서 신중한 관리가 필요합니다. 또한, 개인투자자들은 빚투 현상에 대한 경계를 늦추지 말아야 합니다.

4. 시장은 혼조한 분위기를 유지할 전망이며, 향후 미국의 통화정책과 중동 상황에 따라 변동성이 커질 수 있습니다. 따라서 안정적인 자산 배분과 리스크 관리가 필요합니다. 빅테크와 AI 업종에 대한 투자도 고려해볼 만하며, 중동 긴장과 관련된 업종들에도 주목해야 합니다. 개인투자자들은 안정적인 투자전략을 유지하고 장기적인 시각으로 투자 결정을 내리는 것이 중요합니다."
현대차그룹이 보스턴 다이내믹스 상장한다면… iM證 “양산 시기 앞당길 것”,https://finance.naver.com/news/news_read.naver?article_id=0001086384&office_id=366&mode=mainnews&type=&date=2025-06-19&page=3,네이버,2025-06-19 16:15:00.959755,0.0,"1. 현재 시장은 미국과 중동의 긴장으로 혼조한 분위기를 보이고 있습니다. 미국의 연방준비제도(FOMC)의 금리 결정과 중동의 지정학적 불확실성이 시장에 영향을 미치고 있습니다. 미국 증시는 약보합을 보이며 관망세를 유지하고 있습니다. 한편, 국내에서는 개미들의 빚투 현상과 투자심리에 대한 우려가 높아지고 있습니다.

2. 업종 중에서는 빅테크와 인공지능(AI) 관련 기업들이 주목받고 있습니다. 미래에셋벤처와 네이버 등 AI 산업의 수혜주로 주목할 필요가 있습니다. 또한, 방산주와 통화정책에 관련된 업종들이 중동 긴장과 관련해 강세를 보이고 있습니다.

3. 투자자들은 미국의 통화정책 변화와 중동 상황을 주시해야 합니다. 미국의 연방준비제도(FOMC)의 행보와 중동 긴장 요인이 시장에 영향을 미칠 수 있으므로 주식투자나 자산 배분에 있어서 신중한 관리가 필요합니다. 또한, 개인투자자들은 빚투 현상에 대한 경계를 늦추지 말아야 합니다.

4. 시장은 혼조한 분위기를 유지할 전망이며, 향후 미국의 통화정책과 중동 상황에 따라 변동성이 커질 수 있습니다. 따라서 안정적인 자산 배분과 리스크 관리가 필요합니다. 빅테크와 AI 업종에 대한 투자도 고려해볼 만하며, 중동 긴장과 관련된 업종들에도 주목해야 합니다. 개인투자자들은 안정적인 투자전략을 유지하고 장기적인 시각으로 투자 결정을 내리는 것이 중요합니다."
“유일하게 삼성전자만 샀어” ‘주식 NO’ 김종국마저 산 ‘국민주’...프리마켓 ‘6만전자’ 쭉 갈까 [종목Pick],https://finance.naver.com/news/news_read.naver?article_id=0002487044&office_id=016&mode=mainnews&type=&date=2025-06-19&page=3,네이버,2025-06-19 16:15:00.959755,0.0,"1. 현재 시장은 미국과 중동의 긴장으로 혼조한 분위기를 보이고 있습니다. 미국의 연방준비제도(FOMC)의 금리 결정과 중동의 지정학적 불확실성이 시장에 영향을 미치고 있습니다. 미국 증시는 약보합을 보이며 관망세를 유지하고 있습니다. 한편, 국내에서는 개미들의 빚투 현상과 투자심리에 대한 우려가 높아지고 있습니다.

2. 업종 중에서는 빅테크와 인공지능(AI) 관련 기업들이 주목받고 있습니다. 미래에셋벤처와 네이버 등 AI 산업의 수혜주로 주목할 필요가 있습니다. 또한, 방산주와 통화정책에 관련된 업종들이 중동 긴장과 관련해 강세를 보이고 있습니다.

3. 투자자들은 미국의 통화정책 변화와 중동 상황을 주시해야 합니다. 미국의 연방준비제도(FOMC)의 행보와 중동 긴장 요인이 시장에 영향을 미칠 수 있으므로 주식투자나 자산 배분에 있어서 신중한 관리가 필요합니다. 또한, 개인투자자들은 빚투 현상에 대한 경계를 늦추지 말아야 합니다.

4. 시장은 혼조한 분위기를 유지할 전망이며, 향후 미국의 통화정책과 중동 상황에 따라 변동성이 커질 수 있습니다. 따라서 안정적인 자산 배분과 리스크 관리가 필요합니다. 빅테크와 AI 업종에 대한 투자도 고려해볼 만하며, 중동 긴장과 관련된 업종들에도 주목해야 합니다. 개인투자자들은 안정적인 투자전략을 유지하고 장기적인 시각으로 투자 결정을 내리는 것이 중요합니다."
"스테이블코인株, 새 정부 증시 주인공 '우뚝'",https://finance.naver.com/news/news_read.naver?article_id=0005146582&office_id=015&mode=mainnews&type=&date=2025-06-19&page=3,네이버,2025-06-19 16:15:00.959755,0.0,"1. 현재 시장은 미국과 중동의 긴장으로 혼조한 분위기를 보이고 있습니다. 미국의 연방준비제도(FOMC)의 금리 결정과 중동의 지정학적 불확실성이 시장에 영향을 미치고 있습니다. 미국 증시는 약보합을 보이며 관망세를 유지하고 있습니다. 한편, 국내에서는 개미들의 빚투 현상과 투자심리에 대한 우려가 높아지고 있습니다.

2. 업종 중에서는 빅테크와 인공지능(AI) 관련 기업들이 주목받고 있습니다. 미래에셋벤처와 네이버 등 AI 산업의 수혜주로 주목할 필요가 있습니다. 또한, 방산주와 통화정책에 관련된 업종들이 중동 긴장과 관련해 강세를 보이고 있습니다.

3. 투자자들은 미국의 통화정책 변화와 중동 상황을 주시해야 합니다. 미국의 연방준비제도(FOMC)의 행보와 중동 긴장 요인이 시장에 영향을 미칠 수 있으므로 주식투자나 자산 배분에 있어서 신중한 관리가 필요합니다. 또한, 개인투자자들은 빚투 현상에 대한 경계를 늦추지 말아야 합니다.

4. 시장은 혼조한 분위기를 유지할 전망이며, 향후 미국의 통화정책과 중동 상황에 따라 변동성이 커질 수 있습니다. 따라서 안정적인 자산 배분과 리스크 관리가 필요합니다. 빅테크와 AI 업종에 대한 투자도 고려해볼 만하며, 중동 긴장과 관련된 업종들에도 주목해야 합니다. 개인투자자들은 안정적인 투자전략을 유지하고 장기적인 시각으로 투자 결정을 내리는 것이 중요합니다."
"현대ADM, 현대바이오 피인수 1년만에 유동성 위기…풋옵션 '촉각'",https://finance.naver.com/news/news_read.naver?article_id=0005209553&office_id=008&mode=mainnews&type=&date=2025-06-19&page=3,네이버,2025-06-19 16:15:00.959755,0.0,"1. 현재 시장은 미국과 중동의 긴장으로 혼조한 분위기를 보이고 있습니다. 미국의 연방준비제도(FOMC)의 금리 결정과 중동의 지정학적 불확실성이 시장에 영향을 미치고 있습니다. 미국 증시는 약보합을 보이며 관망세를 유지하고 있습니다. 한편, 국내에서는 개미들의 빚투 현상과 투자심리에 대한 우려가 높아지고 있습니다.

2. 업종 중에서는 빅테크와 인공지능(AI) 관련 기업들이 주목받고 있습니다. 미래에셋벤처와 네이버 등 AI 산업의 수혜주로 주목할 필요가 있습니다. 또한, 방산주와 통화정책에 관련된 업종들이 중동 긴장과 관련해 강세를 보이고 있습니다.

3. 투자자들은 미국의 통화정책 변화와 중동 상황을 주시해야 합니다. 미국의 연방준비제도(FOMC)의 행보와 중동 긴장 요인이 시장에 영향을 미칠 수 있으므로 주식투자나 자산 배분에 있어서 신중한 관리가 필요합니다. 또한, 개인투자자들은 빚투 현상에 대한 경계를 늦추지 말아야 합니다.

4. 시장은 혼조한 분위기를 유지할 전망이며, 향후 미국의 통화정책과 중동 상황에 따라 변동성이 커질 수 있습니다. 따라서 안정적인 자산 배분과 리스크 관리가 필요합니다. 빅테크와 AI 업종에 대한 투자도 고려해볼 만하며, 중동 긴장과 관련된 업종들에도 주목해야 합니다. 개인투자자들은 안정적인 투자전략을 유지하고 장기적인 시각으로 투자 결정을 내리는 것이 중요합니다."
"삼성SDI, 반등 더뎌…유증으로 주당 가치 희석-KB증권",https://finance.naver.com/news/news_read.naver?article_id=0005209549&office_id=008&mode=mainnews&type=&date=2025-06-19&page=3,네이버,2025-06-19 16:15:00.959755,0.0,"1. 현재 시장은 미국과 중동의 긴장으로 혼조한 분위기를 보이고 있습니다. 미국의 연방준비제도(FOMC)의 금리 결정과 중동의 지정학적 불확실성이 시장에 영향을 미치고 있습니다. 미국 증시는 약보합을 보이며 관망세를 유지하고 있습니다. 한편, 국내에서는 개미들의 빚투 현상과 투자심리에 대한 우려가 높아지고 있습니다.

2. 업종 중에서는 빅테크와 인공지능(AI) 관련 기업들이 주목받고 있습니다. 미래에셋벤처와 네이버 등 AI 산업의 수혜주로 주목할 필요가 있습니다. 또한, 방산주와 통화정책에 관련된 업종들이 중동 긴장과 관련해 강세를 보이고 있습니다.

3. 투자자들은 미국의 통화정책 변화와 중동 상황을 주시해야 합니다. 미국의 연방준비제도(FOMC)의 행보와 중동 긴장 요인이 시장에 영향을 미칠 수 있으므로 주식투자나 자산 배분에 있어서 신중한 관리가 필요합니다. 또한, 개인투자자들은 빚투 현상에 대한 경계를 늦추지 말아야 합니다.

4. 시장은 혼조한 분위기를 유지할 전망이며, 향후 미국의 통화정책과 중동 상황에 따라 변동성이 커질 수 있습니다. 따라서 안정적인 자산 배분과 리스크 관리가 필요합니다. 빅테크와 AI 업종에 대한 투자도 고려해볼 만하며, 중동 긴장과 관련된 업종들에도 주목해야 합니다. 개인투자자들은 안정적인 투자전략을 유지하고 장기적인 시각으로 투자 결정을 내리는 것이 중요합니다."
"케이스톤, 세나테크놀로지 인수 1년 만 IPO 추진 [투자360]",https://finance.naver.com/news/news_read.naver?article_id=0002487031&office_id=016&mode=mainnews&type=&date=2025-06-19&page=3,네이버,2025-06-19 16:15:00.959755,0.0,"1. 현재 시장은 미국과 중동의 긴장으로 혼조한 분위기를 보이고 있습니다. 미국의 연방준비제도(FOMC)의 금리 결정과 중동의 지정학적 불확실성이 시장에 영향을 미치고 있습니다. 미국 증시는 약보합을 보이며 관망세를 유지하고 있습니다. 한편, 국내에서는 개미들의 빚투 현상과 투자심리에 대한 우려가 높아지고 있습니다.

2. 업종 중에서는 빅테크와 인공지능(AI) 관련 기업들이 주목받고 있습니다. 미래에셋벤처와 네이버 등 AI 산업의 수혜주로 주목할 필요가 있습니다. 또한, 방산주와 통화정책에 관련된 업종들이 중동 긴장과 관련해 강세를 보이고 있습니다.

3. 투자자들은 미국의 통화정책 변화와 중동 상황을 주시해야 합니다. 미국의 연방준비제도(FOMC)의 행보와 중동 긴장 요인이 시장에 영향을 미칠 수 있으므로 주식투자나 자산 배분에 있어서 신중한 관리가 필요합니다. 또한, 개인투자자들은 빚투 현상에 대한 경계를 늦추지 말아야 합니다.

4. 시장은 혼조한 분위기를 유지할 전망이며, 향후 미국의 통화정책과 중동 상황에 따라 변동성이 커질 수 있습니다. 따라서 안정적인 자산 배분과 리스크 관리가 필요합니다. 빅테크와 AI 업종에 대한 투자도 고려해볼 만하며, 중동 긴장과 관련된 업종들에도 주목해야 합니다. 개인투자자들은 안정적인 투자전략을 유지하고 장기적인 시각으로 투자 결정을 내리는 것이 중요합니다."
"뉴욕증시, 약보합 마감…트럼프, 이란 공격계획 승인[뉴스새벽배송]",https://finance.naver.com/news/news_read.naver?article_id=0006043029&office_id=018&mode=mainnews&type=&date=2025-06-19&page=3,네이버,2025-06-19 16:15:00.959755,0.0,"1. 현재 시장은 미국과 중동의 긴장으로 혼조한 분위기를 보이고 있습니다. 미국의 연방준비제도(FOMC)의 금리 결정과 중동의 지정학적 불확실성이 시장에 영향을 미치고 있습니다. 미국 증시는 약보합을 보이며 관망세를 유지하고 있습니다. 한편, 국내에서는 개미들의 빚투 현상과 투자심리에 대한 우려가 높아지고 있습니다.

2. 업종 중에서는 빅테크와 인공지능(AI) 관련 기업들이 주목받고 있습니다. 미래에셋벤처와 네이버 등 AI 산업의 수혜주로 주목할 필요가 있습니다. 또한, 방산주와 통화정책에 관련된 업종들이 중동 긴장과 관련해 강세를 보이고 있습니다.

3. 투자자들은 미국의 통화정책 변화와 중동 상황을 주시해야 합니다. 미국의 연방준비제도(FOMC)의 행보와 중동 긴장 요인이 시장에 영향을 미칠 수 있으므로 주식투자나 자산 배분에 있어서 신중한 관리가 필요합니다. 또한, 개인투자자들은 빚투 현상에 대한 경계를 늦추지 말아야 합니다.

4. 시장은 혼조한 분위기를 유지할 전망이며, 향후 미국의 통화정책과 중동 상황에 따라 변동성이 커질 수 있습니다. 따라서 안정적인 자산 배분과 리스크 관리가 필요합니다. 빅테크와 AI 업종에 대한 투자도 고려해볼 만하며, 중동 긴장과 관련된 업종들에도 주목해야 합니다. 개인투자자들은 안정적인 투자전략을 유지하고 장기적인 시각으로 투자 결정을 내리는 것이 중요합니다."
"FOMC 무난·중동 돌발변수 주시…코스피 3,000 도전 성공할까[마켓뷰]",https://finance.naver.com/news/news_read.naver?article_id=0015457728&office_id=001&mode=mainnews&type=&date=2025-06-19&page=3,네이버,2025-06-19 16:15:00.959755,0.0,"1. 현재 시장은 미국과 중동의 긴장으로 혼조한 분위기를 보이고 있습니다. 미국의 연방준비제도(FOMC)의 금리 결정과 중동의 지정학적 불확실성이 시장에 영향을 미치고 있습니다. 미국 증시는 약보합을 보이며 관망세를 유지하고 있습니다. 한편, 국내에서는 개미들의 빚투 현상과 투자심리에 대한 우려가 높아지고 있습니다.

2. 업종 중에서는 빅테크와 인공지능(AI) 관련 기업들이 주목받고 있습니다. 미래에셋벤처와 네이버 등 AI 산업의 수혜주로 주목할 필요가 있습니다. 또한, 방산주와 통화정책에 관련된 업종들이 중동 긴장과 관련해 강세를 보이고 있습니다.

3. 투자자들은 미국의 통화정책 변화와 중동 상황을 주시해야 합니다. 미국의 연방준비제도(FOMC)의 행보와 중동 긴장 요인이 시장에 영향을 미칠 수 있으므로 주식투자나 자산 배분에 있어서 신중한 관리가 필요합니다. 또한, 개인투자자들은 빚투 현상에 대한 경계를 늦추지 말아야 합니다.

4. 시장은 혼조한 분위기를 유지할 전망이며, 향후 미국의 통화정책과 중동 상황에 따라 변동성이 커질 수 있습니다. 따라서 안정적인 자산 배분과 리스크 관리가 필요합니다. 빅테크와 AI 업종에 대한 투자도 고려해볼 만하며, 중동 긴장과 관련된 업종들에도 주목해야 합니다. 개인투자자들은 안정적인 투자전략을 유지하고 장기적인 시각으로 투자 결정을 내리는 것이 중요합니다."
"FOMC 소화하며 추경안 주시…국채선물, 야간거래서 상승[채권브리핑]",https://finance.naver.com/news/news_read.naver?article_id=0006043025&office_id=018&mode=mainnews&type=&date=2025-06-19&page=3,네이버,2025-06-19 16:15:00.959755,0.0,"1. 현재 시장은 미국과 중동의 긴장으로 혼조한 분위기를 보이고 있습니다. 미국의 연방준비제도(FOMC)의 금리 결정과 중동의 지정학적 불확실성이 시장에 영향을 미치고 있습니다. 미국 증시는 약보합을 보이며 관망세를 유지하고 있습니다. 한편, 국내에서는 개미들의 빚투 현상과 투자심리에 대한 우려가 높아지고 있습니다.

2. 업종 중에서는 빅테크와 인공지능(AI) 관련 기업들이 주목받고 있습니다. 미래에셋벤처와 네이버 등 AI 산업의 수혜주로 주목할 필요가 있습니다. 또한, 방산주와 통화정책에 관련된 업종들이 중동 긴장과 관련해 강세를 보이고 있습니다.

3. 투자자들은 미국의 통화정책 변화와 중동 상황을 주시해야 합니다. 미국의 연방준비제도(FOMC)의 행보와 중동 긴장 요인이 시장에 영향을 미칠 수 있으므로 주식투자나 자산 배분에 있어서 신중한 관리가 필요합니다. 또한, 개인투자자들은 빚투 현상에 대한 경계를 늦추지 말아야 합니다.

4. 시장은 혼조한 분위기를 유지할 전망이며, 향후 미국의 통화정책과 중동 상황에 따라 변동성이 커질 수 있습니다. 따라서 안정적인 자산 배분과 리스크 관리가 필요합니다. 빅테크와 AI 업종에 대한 투자도 고려해볼 만하며, 중동 긴장과 관련된 업종들에도 주목해야 합니다. 개인투자자들은 안정적인 투자전략을 유지하고 장기적인 시각으로 투자 결정을 내리는 것이 중요합니다."
“월마트도 스테이블 코인 발행 가능”…美 ‘지니어스’ 법안에 카드사 주가 ‘급락’ 왜? [투자360],https://finance.naver.com/news/news_read.naver?article_id=0002487024&office_id=016&mode=mainnews&type=&date=2025-06-19&page=3,네이버,2025-06-19 16:15:00.959755,0.0,"1. 현재 시장은 미국과 중동의 긴장으로 혼조한 분위기를 보이고 있습니다. 미국의 연방준비제도(FOMC)의 금리 결정과 중동의 지정학적 불확실성이 시장에 영향을 미치고 있습니다. 미국 증시는 약보합을 보이며 관망세를 유지하고 있습니다. 한편, 국내에서는 개미들의 빚투 현상과 투자심리에 대한 우려가 높아지고 있습니다.

2. 업종 중에서는 빅테크와 인공지능(AI) 관련 기업들이 주목받고 있습니다. 미래에셋벤처와 네이버 등 AI 산업의 수혜주로 주목할 필요가 있습니다. 또한, 방산주와 통화정책에 관련된 업종들이 중동 긴장과 관련해 강세를 보이고 있습니다.

3. 투자자들은 미국의 통화정책 변화와 중동 상황을 주시해야 합니다. 미국의 연방준비제도(FOMC)의 행보와 중동 긴장 요인이 시장에 영향을 미칠 수 있으므로 주식투자나 자산 배분에 있어서 신중한 관리가 필요합니다. 또한, 개인투자자들은 빚투 현상에 대한 경계를 늦추지 말아야 합니다.

4. 시장은 혼조한 분위기를 유지할 전망이며, 향후 미국의 통화정책과 중동 상황에 따라 변동성이 커질 수 있습니다. 따라서 안정적인 자산 배분과 리스크 관리가 필요합니다. 빅테크와 AI 업종에 대한 투자도 고려해볼 만하며, 중동 긴장과 관련된 업종들에도 주목해야 합니다. 개인투자자들은 안정적인 투자전략을 유지하고 장기적인 시각으로 투자 결정을 내리는 것이 중요합니다."
파월 신중 태도에 M7도 ‘혼조’…테슬라·엔비디아는 올랐다 [투자360],https://finance.naver.com/news/news_read.naver?article_id=0002487020&office_id=016&mode=mainnews&type=&date=2025-06-19&page=3,네이버,2025-06-19 16:15:00.959755,0.0,"1. 현재 시장은 미국과 중동의 긴장으로 혼조한 분위기를 보이고 있습니다. 미국의 연방준비제도(FOMC)의 금리 결정과 중동의 지정학적 불확실성이 시장에 영향을 미치고 있습니다. 미국 증시는 약보합을 보이며 관망세를 유지하고 있습니다. 한편, 국내에서는 개미들의 빚투 현상과 투자심리에 대한 우려가 높아지고 있습니다.

2. 업종 중에서는 빅테크와 인공지능(AI) 관련 기업들이 주목받고 있습니다. 미래에셋벤처와 네이버 등 AI 산업의 수혜주로 주목할 필요가 있습니다. 또한, 방산주와 통화정책에 관련된 업종들이 중동 긴장과 관련해 강세를 보이고 있습니다.

3. 투자자들은 미국의 통화정책 변화와 중동 상황을 주시해야 합니다. 미국의 연방준비제도(FOMC)의 행보와 중동 긴장 요인이 시장에 영향을 미칠 수 있으므로 주식투자나 자산 배분에 있어서 신중한 관리가 필요합니다. 또한, 개인투자자들은 빚투 현상에 대한 경계를 늦추지 말아야 합니다.

4. 시장은 혼조한 분위기를 유지할 전망이며, 향후 미국의 통화정책과 중동 상황에 따라 변동성이 커질 수 있습니다. 따라서 안정적인 자산 배분과 리스크 관리가 필요합니다. 빅테크와 AI 업종에 대한 투자도 고려해볼 만하며, 중동 긴장과 관련된 업종들에도 주목해야 합니다. 개인투자자들은 안정적인 투자전략을 유지하고 장기적인 시각으로 투자 결정을 내리는 것이 중요합니다."
美상원 문턱 넘은 스테이블코인에 美코인 관련株 급등 [투자360],https://finance.naver.com/news/news_read.naver?article_id=0002487018&office_id=016&mode=mainnews&type=&date=2025-06-19&page=3,네이버,2025-06-19 16:15:00.959755,0.0,"1. 현재 시장은 미국과 중동의 긴장으로 혼조한 분위기를 보이고 있습니다. 미국의 연방준비제도(FOMC)의 금리 결정과 중동의 지정학적 불확실성이 시장에 영향을 미치고 있습니다. 미국 증시는 약보합을 보이며 관망세를 유지하고 있습니다. 한편, 국내에서는 개미들의 빚투 현상과 투자심리에 대한 우려가 높아지고 있습니다.

2. 업종 중에서는 빅테크와 인공지능(AI) 관련 기업들이 주목받고 있습니다. 미래에셋벤처와 네이버 등 AI 산업의 수혜주로 주목할 필요가 있습니다. 또한, 방산주와 통화정책에 관련된 업종들이 중동 긴장과 관련해 강세를 보이고 있습니다.

3. 투자자들은 미국의 통화정책 변화와 중동 상황을 주시해야 합니다. 미국의 연방준비제도(FOMC)의 행보와 중동 긴장 요인이 시장에 영향을 미칠 수 있으므로 주식투자나 자산 배분에 있어서 신중한 관리가 필요합니다. 또한, 개인투자자들은 빚투 현상에 대한 경계를 늦추지 말아야 합니다.

4. 시장은 혼조한 분위기를 유지할 전망이며, 향후 미국의 통화정책과 중동 상황에 따라 변동성이 커질 수 있습니다. 따라서 안정적인 자산 배분과 리스크 관리가 필요합니다. 빅테크와 AI 업종에 대한 투자도 고려해볼 만하며, 중동 긴장과 관련된 업종들에도 주목해야 합니다. 개인투자자들은 안정적인 투자전략을 유지하고 장기적인 시각으로 투자 결정을 내리는 것이 중요합니다."
반등 늦어지는 삼성SDI…2Q 실적도 주춤 [클릭 e종목],https://finance.naver.com/news/news_read.naver?article_id=0005609785&office_id=277&mode=mainnews&type=&date=2025-06-19&page=3,네이버,2025-06-19 16:15:00.959755,0.0,"1. 현재 시장은 미국과 중동의 긴장으로 혼조한 분위기를 보이고 있습니다. 미국의 연방준비제도(FOMC)의 금리 결정과 중동의 지정학적 불확실성이 시장에 영향을 미치고 있습니다. 미국 증시는 약보합을 보이며 관망세를 유지하고 있습니다. 한편, 국내에서는 개미들의 빚투 현상과 투자심리에 대한 우려가 높아지고 있습니다.

2. 업종 중에서는 빅테크와 인공지능(AI) 관련 기업들이 주목받고 있습니다. 미래에셋벤처와 네이버 등 AI 산업의 수혜주로 주목할 필요가 있습니다. 또한, 방산주와 통화정책에 관련된 업종들이 중동 긴장과 관련해 강세를 보이고 있습니다.

3. 투자자들은 미국의 통화정책 변화와 중동 상황을 주시해야 합니다. 미국의 연방준비제도(FOMC)의 행보와 중동 긴장 요인이 시장에 영향을 미칠 수 있으므로 주식투자나 자산 배분에 있어서 신중한 관리가 필요합니다. 또한, 개인투자자들은 빚투 현상에 대한 경계를 늦추지 말아야 합니다.

4. 시장은 혼조한 분위기를 유지할 전망이며, 향후 미국의 통화정책과 중동 상황에 따라 변동성이 커질 수 있습니다. 따라서 안정적인 자산 배분과 리스크 관리가 필요합니다. 빅테크와 AI 업종에 대한 투자도 고려해볼 만하며, 중동 긴장과 관련된 업종들에도 주목해야 합니다. 개인투자자들은 안정적인 투자전략을 유지하고 장기적인 시각으로 투자 결정을 내리는 것이 중요합니다."
"한화, 저평가 매력 부각 지속…목표가↑-현대차",https://finance.naver.com/news/news_read.naver?article_id=0006043013&office_id=018&mode=mainnews&type=&date=2025-06-19&page=3,네이버,2025-06-19 16:15:00.959755,0.0,"1. 현재 시장은 미국과 중동의 긴장으로 혼조한 분위기를 보이고 있습니다. 미국의 연방준비제도(FOMC)의 금리 결정과 중동의 지정학적 불확실성이 시장에 영향을 미치고 있습니다. 미국 증시는 약보합을 보이며 관망세를 유지하고 있습니다. 한편, 국내에서는 개미들의 빚투 현상과 투자심리에 대한 우려가 높아지고 있습니다.

2. 업종 중에서는 빅테크와 인공지능(AI) 관련 기업들이 주목받고 있습니다. 미래에셋벤처와 네이버 등 AI 산업의 수혜주로 주목할 필요가 있습니다. 또한, 방산주와 통화정책에 관련된 업종들이 중동 긴장과 관련해 강세를 보이고 있습니다.

3. 투자자들은 미국의 통화정책 변화와 중동 상황을 주시해야 합니다. 미국의 연방준비제도(FOMC)의 행보와 중동 긴장 요인이 시장에 영향을 미칠 수 있으므로 주식투자나 자산 배분에 있어서 신중한 관리가 필요합니다. 또한, 개인투자자들은 빚투 현상에 대한 경계를 늦추지 말아야 합니다.

4. 시장은 혼조한 분위기를 유지할 전망이며, 향후 미국의 통화정책과 중동 상황에 따라 변동성이 커질 수 있습니다. 따라서 안정적인 자산 배분과 리스크 관리가 필요합니다. 빅테크와 AI 업종에 대한 투자도 고려해볼 만하며, 중동 긴장과 관련된 업종들에도 주목해야 합니다. 개인투자자들은 안정적인 투자전략을 유지하고 장기적인 시각으로 투자 결정을 내리는 것이 중요합니다."
"트럼프, 공습 결정만 남았다…지정학·관세 우려 최고조 [글로벌마켓 A/S]",https://finance.naver.com/news/news_read.naver?article_id=0001213241&office_id=215&mode=mainnews&type=&date=2025-06-19&page=3,네이버,2025-06-19 16:15:00.959755,0.0,"1. 현재 시장은 미국과 중동의 긴장으로 혼조한 분위기를 보이고 있습니다. 미국의 연방준비제도(FOMC)의 금리 결정과 중동의 지정학적 불확실성이 시장에 영향을 미치고 있습니다. 미국 증시는 약보합을 보이며 관망세를 유지하고 있습니다. 한편, 국내에서는 개미들의 빚투 현상과 투자심리에 대한 우려가 높아지고 있습니다.

2. 업종 중에서는 빅테크와 인공지능(AI) 관련 기업들이 주목받고 있습니다. 미래에셋벤처와 네이버 등 AI 산업의 수혜주로 주목할 필요가 있습니다. 또한, 방산주와 통화정책에 관련된 업종들이 중동 긴장과 관련해 강세를 보이고 있습니다.

3. 투자자들은 미국의 통화정책 변화와 중동 상황을 주시해야 합니다. 미국의 연방준비제도(FOMC)의 행보와 중동 긴장 요인이 시장에 영향을 미칠 수 있으므로 주식투자나 자산 배분에 있어서 신중한 관리가 필요합니다. 또한, 개인투자자들은 빚투 현상에 대한 경계를 늦추지 말아야 합니다.

4. 시장은 혼조한 분위기를 유지할 전망이며, 향후 미국의 통화정책과 중동 상황에 따라 변동성이 커질 수 있습니다. 따라서 안정적인 자산 배분과 리스크 관리가 필요합니다. 빅테크와 AI 업종에 대한 투자도 고려해볼 만하며, 중동 긴장과 관련된 업종들에도 주목해야 합니다. 개인투자자들은 안정적인 투자전략을 유지하고 장기적인 시각으로 투자 결정을 내리는 것이 중요합니다."
"""6월 FOMC 넘긴 韓 증시, 상방 압력 지속 전망""",https://finance.naver.com/news/news_read.naver?article_id=0006043005&office_id=018&mode=mainnews&type=&date=2025-06-19&page=4,네이버,2025-06-19 16:15:00.959755,0.0,"1. 현재 시장은 미국과 중동의 긴장으로 혼조한 분위기를 보이고 있습니다. 미국의 연방준비제도(FOMC)의 금리 결정과 중동의 지정학적 불확실성이 시장에 영향을 미치고 있습니다. 미국 증시는 약보합을 보이며 관망세를 유지하고 있습니다. 한편, 국내에서는 개미들의 빚투 현상과 투자심리에 대한 우려가 높아지고 있습니다.

2. 업종 중에서는 빅테크와 인공지능(AI) 관련 기업들이 주목받고 있습니다. 미래에셋벤처와 네이버 등 AI 산업의 수혜주로 주목할 필요가 있습니다. 또한, 방산주와 통화정책에 관련된 업종들이 중동 긴장과 관련해 강세를 보이고 있습니다.

3. 투자자들은 미국의 통화정책 변화와 중동 상황을 주시해야 합니다. 미국의 연방준비제도(FOMC)의 행보와 중동 긴장 요인이 시장에 영향을 미칠 수 있으므로 주식투자나 자산 배분에 있어서 신중한 관리가 필요합니다. 또한, 개인투자자들은 빚투 현상에 대한 경계를 늦추지 말아야 합니다.

4. 시장은 혼조한 분위기를 유지할 전망이며, 향후 미국의 통화정책과 중동 상황에 따라 변동성이 커질 수 있습니다. 따라서 안정적인 자산 배분과 리스크 관리가 필요합니다. 빅테크와 AI 업종에 대한 투자도 고려해볼 만하며, 중동 긴장과 관련된 업종들에도 주목해야 합니다. 개인투자자들은 안정적인 투자전략을 유지하고 장기적인 시각으로 투자 결정을 내리는 것이 중요합니다."
"KB금융, 2Q 실적 전망치 상회 기대…총주주환원율 50% 돌파 전망-하나",https://finance.naver.com/news/news_read.naver?article_id=0006042999&office_id=018&mode=mainnews&type=&date=2025-06-19&page=4,네이버,2025-06-19 16:15:00.959755,0.0,"1. 현재 시장은 미국과 중동의 긴장으로 혼조한 분위기를 보이고 있습니다. 미국의 연방준비제도(FOMC)의 금리 결정과 중동의 지정학적 불확실성이 시장에 영향을 미치고 있습니다. 미국 증시는 약보합을 보이며 관망세를 유지하고 있습니다. 한편, 국내에서는 개미들의 빚투 현상과 투자심리에 대한 우려가 높아지고 있습니다.

2. 업종 중에서는 빅테크와 인공지능(AI) 관련 기업들이 주목받고 있습니다. 미래에셋벤처와 네이버 등 AI 산업의 수혜주로 주목할 필요가 있습니다. 또한, 방산주와 통화정책에 관련된 업종들이 중동 긴장과 관련해 강세를 보이고 있습니다.

3. 투자자들은 미국의 통화정책 변화와 중동 상황을 주시해야 합니다. 미국의 연방준비제도(FOMC)의 행보와 중동 긴장 요인이 시장에 영향을 미칠 수 있으므로 주식투자나 자산 배분에 있어서 신중한 관리가 필요합니다. 또한, 개인투자자들은 빚투 현상에 대한 경계를 늦추지 말아야 합니다.

4. 시장은 혼조한 분위기를 유지할 전망이며, 향후 미국의 통화정책과 중동 상황에 따라 변동성이 커질 수 있습니다. 따라서 안정적인 자산 배분과 리스크 관리가 필요합니다. 빅테크와 AI 업종에 대한 투자도 고려해볼 만하며, 중동 긴장과 관련된 업종들에도 주목해야 합니다. 개인투자자들은 안정적인 투자전략을 유지하고 장기적인 시각으로 투자 결정을 내리는 것이 중요합니다."
"‘최대 2조’ 초대어 SK플라즈마, IPO 준비 나선다",https://finance.naver.com/news/news_read.naver?article_id=0005511214&office_id=009&mode=mainnews&type=&date=2025-06-19&page=4,네이버,2025-06-19 16:15:00.959755,0.0,"1. 현재 시장은 미국과 중동의 긴장으로 혼조한 분위기를 보이고 있습니다. 미국의 연방준비제도(FOMC)의 금리 결정과 중동의 지정학적 불확실성이 시장에 영향을 미치고 있습니다. 미국 증시는 약보합을 보이며 관망세를 유지하고 있습니다. 한편, 국내에서는 개미들의 빚투 현상과 투자심리에 대한 우려가 높아지고 있습니다.

2. 업종 중에서는 빅테크와 인공지능(AI) 관련 기업들이 주목받고 있습니다. 미래에셋벤처와 네이버 등 AI 산업의 수혜주로 주목할 필요가 있습니다. 또한, 방산주와 통화정책에 관련된 업종들이 중동 긴장과 관련해 강세를 보이고 있습니다.

3. 투자자들은 미국의 통화정책 변화와 중동 상황을 주시해야 합니다. 미국의 연방준비제도(FOMC)의 행보와 중동 긴장 요인이 시장에 영향을 미칠 수 있으므로 주식투자나 자산 배분에 있어서 신중한 관리가 필요합니다. 또한, 개인투자자들은 빚투 현상에 대한 경계를 늦추지 말아야 합니다.

4. 시장은 혼조한 분위기를 유지할 전망이며, 향후 미국의 통화정책과 중동 상황에 따라 변동성이 커질 수 있습니다. 따라서 안정적인 자산 배분과 리스크 관리가 필요합니다. 빅테크와 AI 업종에 대한 투자도 고려해볼 만하며, 중동 긴장과 관련된 업종들에도 주목해야 합니다. 개인투자자들은 안정적인 투자전략을 유지하고 장기적인 시각으로 투자 결정을 내리는 것이 중요합니다."
"국민연금, ‘해킹 사태’ 난 SKT에 다시 적극적 주주권 행사키로 [이런국장 저런주식]",https://finance.naver.com/news/news_read.naver?article_id=0004498749&office_id=011&mode=mainnews&type=&date=2025-06-19&page=4,네이버,2025-06-19 16:15:00.959755,0.0,"1. 현재 시장은 미국과 중동의 긴장으로 혼조한 분위기를 보이고 있습니다. 미국의 연방준비제도(FOMC)의 금리 결정과 중동의 지정학적 불확실성이 시장에 영향을 미치고 있습니다. 미국 증시는 약보합을 보이며 관망세를 유지하고 있습니다. 한편, 국내에서는 개미들의 빚투 현상과 투자심리에 대한 우려가 높아지고 있습니다.

2. 업종 중에서는 빅테크와 인공지능(AI) 관련 기업들이 주목받고 있습니다. 미래에셋벤처와 네이버 등 AI 산업의 수혜주로 주목할 필요가 있습니다. 또한, 방산주와 통화정책에 관련된 업종들이 중동 긴장과 관련해 강세를 보이고 있습니다.

3. 투자자들은 미국의 통화정책 변화와 중동 상황을 주시해야 합니다. 미국의 연방준비제도(FOMC)의 행보와 중동 긴장 요인이 시장에 영향을 미칠 수 있으므로 주식투자나 자산 배분에 있어서 신중한 관리가 필요합니다. 또한, 개인투자자들은 빚투 현상에 대한 경계를 늦추지 말아야 합니다.

4. 시장은 혼조한 분위기를 유지할 전망이며, 향후 미국의 통화정책과 중동 상황에 따라 변동성이 커질 수 있습니다. 따라서 안정적인 자산 배분과 리스크 관리가 필요합니다. 빅테크와 AI 업종에 대한 투자도 고려해볼 만하며, 중동 긴장과 관련된 업종들에도 주목해야 합니다. 개인투자자들은 안정적인 투자전략을 유지하고 장기적인 시각으로 투자 결정을 내리는 것이 중요합니다."
"금리 인하 생각없는 연준, 오히려 “몇 달 내 인플레이션”[데일리국제금융시장]",https://finance.naver.com/news/news_read.naver?article_id=0004498746&office_id=011&mode=mainnews&type=&date=2025-06-19&page=4,네이버,2025-06-19 16:15:00.959755,0.0,"1. 현재 시장은 미국과 중동의 긴장으로 혼조한 분위기를 보이고 있습니다. 미국의 연방준비제도(FOMC)의 금리 결정과 중동의 지정학적 불확실성이 시장에 영향을 미치고 있습니다. 미국 증시는 약보합을 보이며 관망세를 유지하고 있습니다. 한편, 국내에서는 개미들의 빚투 현상과 투자심리에 대한 우려가 높아지고 있습니다.

2. 업종 중에서는 빅테크와 인공지능(AI) 관련 기업들이 주목받고 있습니다. 미래에셋벤처와 네이버 등 AI 산업의 수혜주로 주목할 필요가 있습니다. 또한, 방산주와 통화정책에 관련된 업종들이 중동 긴장과 관련해 강세를 보이고 있습니다.

3. 투자자들은 미국의 통화정책 변화와 중동 상황을 주시해야 합니다. 미국의 연방준비제도(FOMC)의 행보와 중동 긴장 요인이 시장에 영향을 미칠 수 있으므로 주식투자나 자산 배분에 있어서 신중한 관리가 필요합니다. 또한, 개인투자자들은 빚투 현상에 대한 경계를 늦추지 말아야 합니다.

4. 시장은 혼조한 분위기를 유지할 전망이며, 향후 미국의 통화정책과 중동 상황에 따라 변동성이 커질 수 있습니다. 따라서 안정적인 자산 배분과 리스크 관리가 필요합니다. 빅테크와 AI 업종에 대한 투자도 고려해볼 만하며, 중동 긴장과 관련된 업종들에도 주목해야 합니다. 개인투자자들은 안정적인 투자전략을 유지하고 장기적인 시각으로 투자 결정을 내리는 것이 중요합니다."
통화정책·중동 불확실성에 혼조…코인베이스 16%↑ [뉴욕증시 브리핑],https://finance.naver.com/news/news_read.naver?article_id=0005146562&office_id=015&mode=mainnews&type=&date=2025-06-19&page=4,네이버,2025-06-19 16:15:00.959755,0.0,"1. 현재 시장은 미국과 중동의 긴장으로 혼조한 분위기를 보이고 있습니다. 미국의 연방준비제도(FOMC)의 금리 결정과 중동의 지정학적 불확실성이 시장에 영향을 미치고 있습니다. 미국 증시는 약보합을 보이며 관망세를 유지하고 있습니다. 한편, 국내에서는 개미들의 빚투 현상과 투자심리에 대한 우려가 높아지고 있습니다.

2. 업종 중에서는 빅테크와 인공지능(AI) 관련 기업들이 주목받고 있습니다. 미래에셋벤처와 네이버 등 AI 산업의 수혜주로 주목할 필요가 있습니다. 또한, 방산주와 통화정책에 관련된 업종들이 중동 긴장과 관련해 강세를 보이고 있습니다.

3. 투자자들은 미국의 통화정책 변화와 중동 상황을 주시해야 합니다. 미국의 연방준비제도(FOMC)의 행보와 중동 긴장 요인이 시장에 영향을 미칠 수 있으므로 주식투자나 자산 배분에 있어서 신중한 관리가 필요합니다. 또한, 개인투자자들은 빚투 현상에 대한 경계를 늦추지 말아야 합니다.

4. 시장은 혼조한 분위기를 유지할 전망이며, 향후 미국의 통화정책과 중동 상황에 따라 변동성이 커질 수 있습니다. 따라서 안정적인 자산 배분과 리스크 관리가 필요합니다. 빅테크와 AI 업종에 대한 투자도 고려해볼 만하며, 중동 긴장과 관련된 업종들에도 주목해야 합니다. 개인투자자들은 안정적인 투자전략을 유지하고 장기적인 시각으로 투자 결정을 내리는 것이 중요합니다."
"100兆 AI 펀드’ 기대감…네이버, 하루 만에 시총 6兆 급증 [줍줍 리포트]",https://finance.naver.com/news/news_read.naver?article_id=0004498743&office_id=011&mode=mainnews&type=&date=2025-06-19&page=4,네이버,2025-06-19 16:15:00.959755,0.0,"1. 현재 시장은 미국과 중동의 긴장으로 혼조한 분위기를 보이고 있습니다. 미국의 연방준비제도(FOMC)의 금리 결정과 중동의 지정학적 불확실성이 시장에 영향을 미치고 있습니다. 미국 증시는 약보합을 보이며 관망세를 유지하고 있습니다. 한편, 국내에서는 개미들의 빚투 현상과 투자심리에 대한 우려가 높아지고 있습니다.

2. 업종 중에서는 빅테크와 인공지능(AI) 관련 기업들이 주목받고 있습니다. 미래에셋벤처와 네이버 등 AI 산업의 수혜주로 주목할 필요가 있습니다. 또한, 방산주와 통화정책에 관련된 업종들이 중동 긴장과 관련해 강세를 보이고 있습니다.

3. 투자자들은 미국의 통화정책 변화와 중동 상황을 주시해야 합니다. 미국의 연방준비제도(FOMC)의 행보와 중동 긴장 요인이 시장에 영향을 미칠 수 있으므로 주식투자나 자산 배분에 있어서 신중한 관리가 필요합니다. 또한, 개인투자자들은 빚투 현상에 대한 경계를 늦추지 말아야 합니다.

4. 시장은 혼조한 분위기를 유지할 전망이며, 향후 미국의 통화정책과 중동 상황에 따라 변동성이 커질 수 있습니다. 따라서 안정적인 자산 배분과 리스크 관리가 필요합니다. 빅테크와 AI 업종에 대한 투자도 고려해볼 만하며, 중동 긴장과 관련된 업종들에도 주목해야 합니다. 개인투자자들은 안정적인 투자전략을 유지하고 장기적인 시각으로 투자 결정을 내리는 것이 중요합니다."
이재명 대통령은 왜 운용보수 비싼 ETF를 거치식으로 샀을까,https://finance.naver.com/news/news_read.naver?article_id=0000037115&office_id=648&mode=mainnews&type=&date=2025-06-19&page=4,네이버,2025-06-19 16:15:00.959755,0.0,"1. 현재 시장은 미국과 중동의 긴장으로 혼조한 분위기를 보이고 있습니다. 미국의 연방준비제도(FOMC)의 금리 결정과 중동의 지정학적 불확실성이 시장에 영향을 미치고 있습니다. 미국 증시는 약보합을 보이며 관망세를 유지하고 있습니다. 한편, 국내에서는 개미들의 빚투 현상과 투자심리에 대한 우려가 높아지고 있습니다.

2. 업종 중에서는 빅테크와 인공지능(AI) 관련 기업들이 주목받고 있습니다. 미래에셋벤처와 네이버 등 AI 산업의 수혜주로 주목할 필요가 있습니다. 또한, 방산주와 통화정책에 관련된 업종들이 중동 긴장과 관련해 강세를 보이고 있습니다.

3. 투자자들은 미국의 통화정책 변화와 중동 상황을 주시해야 합니다. 미국의 연방준비제도(FOMC)의 행보와 중동 긴장 요인이 시장에 영향을 미칠 수 있으므로 주식투자나 자산 배분에 있어서 신중한 관리가 필요합니다. 또한, 개인투자자들은 빚투 현상에 대한 경계를 늦추지 말아야 합니다.

4. 시장은 혼조한 분위기를 유지할 전망이며, 향후 미국의 통화정책과 중동 상황에 따라 변동성이 커질 수 있습니다. 따라서 안정적인 자산 배분과 리스크 관리가 필요합니다. 빅테크와 AI 업종에 대한 투자도 고려해볼 만하며, 중동 긴장과 관련된 업종들에도 주목해야 합니다. 개인투자자들은 안정적인 투자전략을 유지하고 장기적인 시각으로 투자 결정을 내리는 것이 중요합니다."
"""AI 수석 배출""…NAVER 주가, 상장 이래 최대폭 '껑충'",https://finance.naver.com/news/news_read.naver?article_id=0013311856&office_id=003&mode=mainnews&type=&date=2025-06-19&page=4,네이버,2025-06-19 16:15:00.959755,0.0,"1. 현재 시장은 미국과 중동의 긴장으로 혼조한 분위기를 보이고 있습니다. 미국의 연방준비제도(FOMC)의 금리 결정과 중동의 지정학적 불확실성이 시장에 영향을 미치고 있습니다. 미국 증시는 약보합을 보이며 관망세를 유지하고 있습니다. 한편, 국내에서는 개미들의 빚투 현상과 투자심리에 대한 우려가 높아지고 있습니다.

2. 업종 중에서는 빅테크와 인공지능(AI) 관련 기업들이 주목받고 있습니다. 미래에셋벤처와 네이버 등 AI 산업의 수혜주로 주목할 필요가 있습니다. 또한, 방산주와 통화정책에 관련된 업종들이 중동 긴장과 관련해 강세를 보이고 있습니다.

3. 투자자들은 미국의 통화정책 변화와 중동 상황을 주시해야 합니다. 미국의 연방준비제도(FOMC)의 행보와 중동 긴장 요인이 시장에 영향을 미칠 수 있으므로 주식투자나 자산 배분에 있어서 신중한 관리가 필요합니다. 또한, 개인투자자들은 빚투 현상에 대한 경계를 늦추지 말아야 합니다.

4. 시장은 혼조한 분위기를 유지할 전망이며, 향후 미국의 통화정책과 중동 상황에 따라 변동성이 커질 수 있습니다. 따라서 안정적인 자산 배분과 리스크 관리가 필요합니다. 빅테크와 AI 업종에 대한 투자도 고려해볼 만하며, 중동 긴장과 관련된 업종들에도 주목해야 합니다. 개인투자자들은 안정적인 투자전략을 유지하고 장기적인 시각으로 투자 결정을 내리는 것이 중요합니다."
ETF 시장도 '조·방·원' 전성시대,https://finance.naver.com/news/news_read.naver?article_id=0005609759&office_id=277&mode=mainnews&type=&date=2025-06-19&page=4,네이버,2025-06-19 16:15:00.959755,0.0,"1. 현재 시장은 미국과 중동의 긴장으로 혼조한 분위기를 보이고 있습니다. 미국의 연방준비제도(FOMC)의 금리 결정과 중동의 지정학적 불확실성이 시장에 영향을 미치고 있습니다. 미국 증시는 약보합을 보이며 관망세를 유지하고 있습니다. 한편, 국내에서는 개미들의 빚투 현상과 투자심리에 대한 우려가 높아지고 있습니다.

2. 업종 중에서는 빅테크와 인공지능(AI) 관련 기업들이 주목받고 있습니다. 미래에셋벤처와 네이버 등 AI 산업의 수혜주로 주목할 필요가 있습니다. 또한, 방산주와 통화정책에 관련된 업종들이 중동 긴장과 관련해 강세를 보이고 있습니다.

3. 투자자들은 미국의 통화정책 변화와 중동 상황을 주시해야 합니다. 미국의 연방준비제도(FOMC)의 행보와 중동 긴장 요인이 시장에 영향을 미칠 수 있으므로 주식투자나 자산 배분에 있어서 신중한 관리가 필요합니다. 또한, 개인투자자들은 빚투 현상에 대한 경계를 늦추지 말아야 합니다.

4. 시장은 혼조한 분위기를 유지할 전망이며, 향후 미국의 통화정책과 중동 상황에 따라 변동성이 커질 수 있습니다. 따라서 안정적인 자산 배분과 리스크 관리가 필요합니다. 빅테크와 AI 업종에 대한 투자도 고려해볼 만하며, 중동 긴장과 관련된 업종들에도 주목해야 합니다. 개인투자자들은 안정적인 투자전략을 유지하고 장기적인 시각으로 투자 결정을 내리는 것이 중요합니다."
"연준 금리동결 속 혼조 마감… 파월 ""관세 영향 예측 불가""[뉴욕증시]",https://finance.naver.com/news/news_read.naver?article_id=0001083967&office_id=417&mode=mainnews&type=&date=2025-06-19&page=4,네이버,2025-06-19 16:15:00.959755,0.0,"1. 현재 시장은 미국과 중동의 긴장으로 혼조한 분위기를 보이고 있습니다. 미국의 연방준비제도(FOMC)의 금리 결정과 중동의 지정학적 불확실성이 시장에 영향을 미치고 있습니다. 미국 증시는 약보합을 보이며 관망세를 유지하고 있습니다. 한편, 국내에서는 개미들의 빚투 현상과 투자심리에 대한 우려가 높아지고 있습니다.

2. 업종 중에서는 빅테크와 인공지능(AI) 관련 기업들이 주목받고 있습니다. 미래에셋벤처와 네이버 등 AI 산업의 수혜주로 주목할 필요가 있습니다. 또한, 방산주와 통화정책에 관련된 업종들이 중동 긴장과 관련해 강세를 보이고 있습니다.

3. 투자자들은 미국의 통화정책 변화와 중동 상황을 주시해야 합니다. 미국의 연방준비제도(FOMC)의 행보와 중동 긴장 요인이 시장에 영향을 미칠 수 있으므로 주식투자나 자산 배분에 있어서 신중한 관리가 필요합니다. 또한, 개인투자자들은 빚투 현상에 대한 경계를 늦추지 말아야 합니다.

4. 시장은 혼조한 분위기를 유지할 전망이며, 향후 미국의 통화정책과 중동 상황에 따라 변동성이 커질 수 있습니다. 따라서 안정적인 자산 배분과 리스크 관리가 필요합니다. 빅테크와 AI 업종에 대한 투자도 고려해볼 만하며, 중동 긴장과 관련된 업종들에도 주목해야 합니다. 개인투자자들은 안정적인 투자전략을 유지하고 장기적인 시각으로 투자 결정을 내리는 것이 중요합니다."
"③미래에셋벤처, 新정부 AI정책 최대 수혜주로 부상[상장VC 대해부]",https://finance.naver.com/news/news_read.naver?article_id=0005609758&office_id=277&mode=mainnews&type=&date=2025-06-19&page=4,네이버,2025-06-19 16:15:00.959755,0.0,"1. 현재 시장은 미국과 중동의 긴장으로 혼조한 분위기를 보이고 있습니다. 미국의 연방준비제도(FOMC)의 금리 결정과 중동의 지정학적 불확실성이 시장에 영향을 미치고 있습니다. 미국 증시는 약보합을 보이며 관망세를 유지하고 있습니다. 한편, 국내에서는 개미들의 빚투 현상과 투자심리에 대한 우려가 높아지고 있습니다.

2. 업종 중에서는 빅테크와 인공지능(AI) 관련 기업들이 주목받고 있습니다. 미래에셋벤처와 네이버 등 AI 산업의 수혜주로 주목할 필요가 있습니다. 또한, 방산주와 통화정책에 관련된 업종들이 중동 긴장과 관련해 강세를 보이고 있습니다.

3. 투자자들은 미국의 통화정책 변화와 중동 상황을 주시해야 합니다. 미국의 연방준비제도(FOMC)의 행보와 중동 긴장 요인이 시장에 영향을 미칠 수 있으므로 주식투자나 자산 배분에 있어서 신중한 관리가 필요합니다. 또한, 개인투자자들은 빚투 현상에 대한 경계를 늦추지 말아야 합니다.

4. 시장은 혼조한 분위기를 유지할 전망이며, 향후 미국의 통화정책과 중동 상황에 따라 변동성이 커질 수 있습니다. 따라서 안정적인 자산 배분과 리스크 관리가 필요합니다. 빅테크와 AI 업종에 대한 투자도 고려해볼 만하며, 중동 긴장과 관련된 업종들에도 주목해야 합니다. 개인투자자들은 안정적인 투자전략을 유지하고 장기적인 시각으로 투자 결정을 내리는 것이 중요합니다."
상법 개정 속도 내는데…'롯데만 배불린 M&A' 개미 뒤통수 친 롯데렌탈,https://finance.naver.com/news/news_read.naver?article_id=0008320035&office_id=421&mode=mainnews&type=&date=2025-06-19&page=4,네이버,2025-06-19 16:15:00.959755,0.0,"1. 현재 시장은 미국과 중동의 긴장으로 혼조한 분위기를 보이고 있습니다. 미국의 연방준비제도(FOMC)의 금리 결정과 중동의 지정학적 불확실성이 시장에 영향을 미치고 있습니다. 미국 증시는 약보합을 보이며 관망세를 유지하고 있습니다. 한편, 국내에서는 개미들의 빚투 현상과 투자심리에 대한 우려가 높아지고 있습니다.

2. 업종 중에서는 빅테크와 인공지능(AI) 관련 기업들이 주목받고 있습니다. 미래에셋벤처와 네이버 등 AI 산업의 수혜주로 주목할 필요가 있습니다. 또한, 방산주와 통화정책에 관련된 업종들이 중동 긴장과 관련해 강세를 보이고 있습니다.

3. 투자자들은 미국의 통화정책 변화와 중동 상황을 주시해야 합니다. 미국의 연방준비제도(FOMC)의 행보와 중동 긴장 요인이 시장에 영향을 미칠 수 있으므로 주식투자나 자산 배분에 있어서 신중한 관리가 필요합니다. 또한, 개인투자자들은 빚투 현상에 대한 경계를 늦추지 말아야 합니다.

4. 시장은 혼조한 분위기를 유지할 전망이며, 향후 미국의 통화정책과 중동 상황에 따라 변동성이 커질 수 있습니다. 따라서 안정적인 자산 배분과 리스크 관리가 필요합니다. 빅테크와 AI 업종에 대한 투자도 고려해볼 만하며, 중동 긴장과 관련된 업종들에도 주목해야 합니다. 개인투자자들은 안정적인 투자전략을 유지하고 장기적인 시각으로 투자 결정을 내리는 것이 중요합니다."
인피니트헬스케어①모회사에 보낸 '용역수수료' 내역 공개 거부[기로의상장사],https://finance.naver.com/news/news_read.naver?article_id=0005609756&office_id=277&mode=mainnews&type=&date=2025-06-19&page=4,네이버,2025-06-19 16:15:00.959755,0.0,"1. 현재 시장은 미국과 중동의 긴장으로 혼조한 분위기를 보이고 있습니다. 미국의 연방준비제도(FOMC)의 금리 결정과 중동의 지정학적 불확실성이 시장에 영향을 미치고 있습니다. 미국 증시는 약보합을 보이며 관망세를 유지하고 있습니다. 한편, 국내에서는 개미들의 빚투 현상과 투자심리에 대한 우려가 높아지고 있습니다.

2. 업종 중에서는 빅테크와 인공지능(AI) 관련 기업들이 주목받고 있습니다. 미래에셋벤처와 네이버 등 AI 산업의 수혜주로 주목할 필요가 있습니다. 또한, 방산주와 통화정책에 관련된 업종들이 중동 긴장과 관련해 강세를 보이고 있습니다.

3. 투자자들은 미국의 통화정책 변화와 중동 상황을 주시해야 합니다. 미국의 연방준비제도(FOMC)의 행보와 중동 긴장 요인이 시장에 영향을 미칠 수 있으므로 주식투자나 자산 배분에 있어서 신중한 관리가 필요합니다. 또한, 개인투자자들은 빚투 현상에 대한 경계를 늦추지 말아야 합니다.

4. 시장은 혼조한 분위기를 유지할 전망이며, 향후 미국의 통화정책과 중동 상황에 따라 변동성이 커질 수 있습니다. 따라서 안정적인 자산 배분과 리스크 관리가 필요합니다. 빅테크와 AI 업종에 대한 투자도 고려해볼 만하며, 중동 긴장과 관련된 업종들에도 주목해야 합니다. 개인투자자들은 안정적인 투자전략을 유지하고 장기적인 시각으로 투자 결정을 내리는 것이 중요합니다."
"""국장 복귀는 지능순?"" 코스피 믿어볼까…미국 주식 돈빼는 서학개미들",https://finance.naver.com/news/news_read.naver?article_id=0008320031&office_id=421&mode=mainnews&type=&date=2025-06-19&page=4,네이버,2025-06-19 16:15:00.959755,0.0,"1. 현재 시장은 미국과 중동의 긴장으로 혼조한 분위기를 보이고 있습니다. 미국의 연방준비제도(FOMC)의 금리 결정과 중동의 지정학적 불확실성이 시장에 영향을 미치고 있습니다. 미국 증시는 약보합을 보이며 관망세를 유지하고 있습니다. 한편, 국내에서는 개미들의 빚투 현상과 투자심리에 대한 우려가 높아지고 있습니다.

2. 업종 중에서는 빅테크와 인공지능(AI) 관련 기업들이 주목받고 있습니다. 미래에셋벤처와 네이버 등 AI 산업의 수혜주로 주목할 필요가 있습니다. 또한, 방산주와 통화정책에 관련된 업종들이 중동 긴장과 관련해 강세를 보이고 있습니다.

3. 투자자들은 미국의 통화정책 변화와 중동 상황을 주시해야 합니다. 미국의 연방준비제도(FOMC)의 행보와 중동 긴장 요인이 시장에 영향을 미칠 수 있으므로 주식투자나 자산 배분에 있어서 신중한 관리가 필요합니다. 또한, 개인투자자들은 빚투 현상에 대한 경계를 늦추지 말아야 합니다.

4. 시장은 혼조한 분위기를 유지할 전망이며, 향후 미국의 통화정책과 중동 상황에 따라 변동성이 커질 수 있습니다. 따라서 안정적인 자산 배분과 리스크 관리가 필요합니다. 빅테크와 AI 업종에 대한 투자도 고려해볼 만하며, 중동 긴장과 관련된 업종들에도 주목해야 합니다. 개인투자자들은 안정적인 투자전략을 유지하고 장기적인 시각으로 투자 결정을 내리는 것이 중요합니다."
가상자산 산업 꽃피는 美…서학개미 '코인주' 4000억원 베팅[서학망원경],https://finance.naver.com/news/news_read.naver?article_id=0008320024&office_id=421&mode=mainnews&type=&date=2025-06-19&page=4,네이버,2025-06-19 16:15:00.959755,0.0,"1. 현재 시장은 미국과 중동의 긴장으로 혼조한 분위기를 보이고 있습니다. 미국의 연방준비제도(FOMC)의 금리 결정과 중동의 지정학적 불확실성이 시장에 영향을 미치고 있습니다. 미국 증시는 약보합을 보이며 관망세를 유지하고 있습니다. 한편, 국내에서는 개미들의 빚투 현상과 투자심리에 대한 우려가 높아지고 있습니다.

2. 업종 중에서는 빅테크와 인공지능(AI) 관련 기업들이 주목받고 있습니다. 미래에셋벤처와 네이버 등 AI 산업의 수혜주로 주목할 필요가 있습니다. 또한, 방산주와 통화정책에 관련된 업종들이 중동 긴장과 관련해 강세를 보이고 있습니다.

3. 투자자들은 미국의 통화정책 변화와 중동 상황을 주시해야 합니다. 미국의 연방준비제도(FOMC)의 행보와 중동 긴장 요인이 시장에 영향을 미칠 수 있으므로 주식투자나 자산 배분에 있어서 신중한 관리가 필요합니다. 또한, 개인투자자들은 빚투 현상에 대한 경계를 늦추지 말아야 합니다.

4. 시장은 혼조한 분위기를 유지할 전망이며, 향후 미국의 통화정책과 중동 상황에 따라 변동성이 커질 수 있습니다. 따라서 안정적인 자산 배분과 리스크 관리가 필요합니다. 빅테크와 AI 업종에 대한 투자도 고려해볼 만하며, 중동 긴장과 관련된 업종들에도 주목해야 합니다. 개인투자자들은 안정적인 투자전략을 유지하고 장기적인 시각으로 투자 결정을 내리는 것이 중요합니다."
美 4연속 금리동결에 한은도 다음달 인하 숨고르기 가능성,https://finance.naver.com/news/news_read.naver?article_id=0015457659&office_id=001&mode=mainnews&type=&date=2025-06-19&page=4,네이버,2025-06-19 16:15:00.959755,0.0,"1. 현재 시장은 미국과 중동의 긴장으로 혼조한 분위기를 보이고 있습니다. 미국의 연방준비제도(FOMC)의 금리 결정과 중동의 지정학적 불확실성이 시장에 영향을 미치고 있습니다. 미국 증시는 약보합을 보이며 관망세를 유지하고 있습니다. 한편, 국내에서는 개미들의 빚투 현상과 투자심리에 대한 우려가 높아지고 있습니다.

2. 업종 중에서는 빅테크와 인공지능(AI) 관련 기업들이 주목받고 있습니다. 미래에셋벤처와 네이버 등 AI 산업의 수혜주로 주목할 필요가 있습니다. 또한, 방산주와 통화정책에 관련된 업종들이 중동 긴장과 관련해 강세를 보이고 있습니다.

3. 투자자들은 미국의 통화정책 변화와 중동 상황을 주시해야 합니다. 미국의 연방준비제도(FOMC)의 행보와 중동 긴장 요인이 시장에 영향을 미칠 수 있으므로 주식투자나 자산 배분에 있어서 신중한 관리가 필요합니다. 또한, 개인투자자들은 빚투 현상에 대한 경계를 늦추지 말아야 합니다.

4. 시장은 혼조한 분위기를 유지할 전망이며, 향후 미국의 통화정책과 중동 상황에 따라 변동성이 커질 수 있습니다. 따라서 안정적인 자산 배분과 리스크 관리가 필요합니다. 빅테크와 AI 업종에 대한 투자도 고려해볼 만하며, 중동 긴장과 관련된 업종들에도 주목해야 합니다. 개인투자자들은 안정적인 투자전략을 유지하고 장기적인 시각으로 투자 결정을 내리는 것이 중요합니다."
"파월 “관세 영향 예측 불가”…뉴욕증시, 연준 관망세 유지에 중동 긴장 겹치며 약보합 [투자360]",https://finance.naver.com/news/news_read.naver?article_id=0002486975&office_id=016&mode=mainnews&type=&date=2025-06-19&page=4,네이버,2025-06-19 16:15:00.959755,0.0,"1. 현재 시장은 미국과 중동의 긴장으로 혼조한 분위기를 보이고 있습니다. 미국의 연방준비제도(FOMC)의 금리 결정과 중동의 지정학적 불확실성이 시장에 영향을 미치고 있습니다. 미국 증시는 약보합을 보이며 관망세를 유지하고 있습니다. 한편, 국내에서는 개미들의 빚투 현상과 투자심리에 대한 우려가 높아지고 있습니다.

2. 업종 중에서는 빅테크와 인공지능(AI) 관련 기업들이 주목받고 있습니다. 미래에셋벤처와 네이버 등 AI 산업의 수혜주로 주목할 필요가 있습니다. 또한, 방산주와 통화정책에 관련된 업종들이 중동 긴장과 관련해 강세를 보이고 있습니다.

3. 투자자들은 미국의 통화정책 변화와 중동 상황을 주시해야 합니다. 미국의 연방준비제도(FOMC)의 행보와 중동 긴장 요인이 시장에 영향을 미칠 수 있으므로 주식투자나 자산 배분에 있어서 신중한 관리가 필요합니다. 또한, 개인투자자들은 빚투 현상에 대한 경계를 늦추지 말아야 합니다.

4. 시장은 혼조한 분위기를 유지할 전망이며, 향후 미국의 통화정책과 중동 상황에 따라 변동성이 커질 수 있습니다. 따라서 안정적인 자산 배분과 리스크 관리가 필요합니다. 빅테크와 AI 업종에 대한 투자도 고려해볼 만하며, 중동 긴장과 관련된 업종들에도 주목해야 합니다. 개인투자자들은 안정적인 투자전략을 유지하고 장기적인 시각으로 투자 결정을 내리는 것이 중요합니다."
예상된 美 금리 동결 속 보합권서 혼조 마감…다우 0.1% ↓[뉴욕증시],https://finance.naver.com/news/news_read.naver?article_id=0005609748&office_id=277&mode=mainnews&type=&date=2025-06-19&page=4,네이버,2025-06-19 16:15:00.959755,0.0,"1. 현재 시장은 미국과 중동의 긴장으로 혼조한 분위기를 보이고 있습니다. 미국의 연방준비제도(FOMC)의 금리 결정과 중동의 지정학적 불확실성이 시장에 영향을 미치고 있습니다. 미국 증시는 약보합을 보이며 관망세를 유지하고 있습니다. 한편, 국내에서는 개미들의 빚투 현상과 투자심리에 대한 우려가 높아지고 있습니다.

2. 업종 중에서는 빅테크와 인공지능(AI) 관련 기업들이 주목받고 있습니다. 미래에셋벤처와 네이버 등 AI 산업의 수혜주로 주목할 필요가 있습니다. 또한, 방산주와 통화정책에 관련된 업종들이 중동 긴장과 관련해 강세를 보이고 있습니다.

3. 투자자들은 미국의 통화정책 변화와 중동 상황을 주시해야 합니다. 미국의 연방준비제도(FOMC)의 행보와 중동 긴장 요인이 시장에 영향을 미칠 수 있으므로 주식투자나 자산 배분에 있어서 신중한 관리가 필요합니다. 또한, 개인투자자들은 빚투 현상에 대한 경계를 늦추지 말아야 합니다.

4. 시장은 혼조한 분위기를 유지할 전망이며, 향후 미국의 통화정책과 중동 상황에 따라 변동성이 커질 수 있습니다. 따라서 안정적인 자산 배분과 리스크 관리가 필요합니다. 빅테크와 AI 업종에 대한 투자도 고려해볼 만하며, 중동 긴장과 관련된 업종들에도 주목해야 합니다. 개인투자자들은 안정적인 투자전략을 유지하고 장기적인 시각으로 투자 결정을 내리는 것이 중요합니다."
"“한화처럼 쪼갭시다”... ‘가장 싼 방산주’ 풍산 주주들, 인적분할 요구",https://finance.naver.com/news/news_read.naver?article_id=0001086364&office_id=366&mode=mainnews&type=&date=2025-06-19&page=4,네이버,2025-06-19 16:15:00.959755,0.0,"1. 현재 시장은 미국과 중동의 긴장으로 혼조한 분위기를 보이고 있습니다. 미국의 연방준비제도(FOMC)의 금리 결정과 중동의 지정학적 불확실성이 시장에 영향을 미치고 있습니다. 미국 증시는 약보합을 보이며 관망세를 유지하고 있습니다. 한편, 국내에서는 개미들의 빚투 현상과 투자심리에 대한 우려가 높아지고 있습니다.

2. 업종 중에서는 빅테크와 인공지능(AI) 관련 기업들이 주목받고 있습니다. 미래에셋벤처와 네이버 등 AI 산업의 수혜주로 주목할 필요가 있습니다. 또한, 방산주와 통화정책에 관련된 업종들이 중동 긴장과 관련해 강세를 보이고 있습니다.

3. 투자자들은 미국의 통화정책 변화와 중동 상황을 주시해야 합니다. 미국의 연방준비제도(FOMC)의 행보와 중동 긴장 요인이 시장에 영향을 미칠 수 있으므로 주식투자나 자산 배분에 있어서 신중한 관리가 필요합니다. 또한, 개인투자자들은 빚투 현상에 대한 경계를 늦추지 말아야 합니다.

4. 시장은 혼조한 분위기를 유지할 전망이며, 향후 미국의 통화정책과 중동 상황에 따라 변동성이 커질 수 있습니다. 따라서 안정적인 자산 배분과 리스크 관리가 필요합니다. 빅테크와 AI 업종에 대한 투자도 고려해볼 만하며, 중동 긴장과 관련된 업종들에도 주목해야 합니다. 개인투자자들은 안정적인 투자전략을 유지하고 장기적인 시각으로 투자 결정을 내리는 것이 중요합니다."
"""한국인 여기서 초대박"" 순식간에 '주가 4배'…3170억 뭉칫돈 넣었다",https://finance.naver.com/news/news_read.naver?article_id=0005209513&office_id=008&mode=mainnews&type=&date=2025-06-19&page=5,네이버,2025-06-19 16:15:00.959755,0.0,"1. 현재 시장은 미국과 중동의 긴장으로 혼조한 분위기를 보이고 있습니다. 미국의 연방준비제도(FOMC)의 금리 결정과 중동의 지정학적 불확실성이 시장에 영향을 미치고 있습니다. 미국 증시는 약보합을 보이며 관망세를 유지하고 있습니다. 한편, 국내에서는 개미들의 빚투 현상과 투자심리에 대한 우려가 높아지고 있습니다.

2. 업종 중에서는 빅테크와 인공지능(AI) 관련 기업들이 주목받고 있습니다. 미래에셋벤처와 네이버 등 AI 산업의 수혜주로 주목할 필요가 있습니다. 또한, 방산주와 통화정책에 관련된 업종들이 중동 긴장과 관련해 강세를 보이고 있습니다.

3. 투자자들은 미국의 통화정책 변화와 중동 상황을 주시해야 합니다. 미국의 연방준비제도(FOMC)의 행보와 중동 긴장 요인이 시장에 영향을 미칠 수 있으므로 주식투자나 자산 배분에 있어서 신중한 관리가 필요합니다. 또한, 개인투자자들은 빚투 현상에 대한 경계를 늦추지 말아야 합니다.

4. 시장은 혼조한 분위기를 유지할 전망이며, 향후 미국의 통화정책과 중동 상황에 따라 변동성이 커질 수 있습니다. 따라서 안정적인 자산 배분과 리스크 관리가 필요합니다. 빅테크와 AI 업종에 대한 투자도 고려해볼 만하며, 중동 긴장과 관련된 업종들에도 주목해야 합니다. 개인투자자들은 안정적인 투자전략을 유지하고 장기적인 시각으로 투자 결정을 내리는 것이 중요합니다."
지배구조 개편·유동성 훈풍…코스피 3000 시대 임박,https://finance.naver.com/news/news_read.naver?article_id=0005209512&office_id=008&mode=mainnews&type=&date=2025-06-19&page=5,네이버,2025-06-19 16:15:00.959755,0.0,"1. 현재 시장은 미국과 중동의 긴장으로 혼조한 분위기를 보이고 있습니다. 미국의 연방준비제도(FOMC)의 금리 결정과 중동의 지정학적 불확실성이 시장에 영향을 미치고 있습니다. 미국 증시는 약보합을 보이며 관망세를 유지하고 있습니다. 한편, 국내에서는 개미들의 빚투 현상과 투자심리에 대한 우려가 높아지고 있습니다.

2. 업종 중에서는 빅테크와 인공지능(AI) 관련 기업들이 주목받고 있습니다. 미래에셋벤처와 네이버 등 AI 산업의 수혜주로 주목할 필요가 있습니다. 또한, 방산주와 통화정책에 관련된 업종들이 중동 긴장과 관련해 강세를 보이고 있습니다.

3. 투자자들은 미국의 통화정책 변화와 중동 상황을 주시해야 합니다. 미국의 연방준비제도(FOMC)의 행보와 중동 긴장 요인이 시장에 영향을 미칠 수 있으므로 주식투자나 자산 배분에 있어서 신중한 관리가 필요합니다. 또한, 개인투자자들은 빚투 현상에 대한 경계를 늦추지 말아야 합니다.

4. 시장은 혼조한 분위기를 유지할 전망이며, 향후 미국의 통화정책과 중동 상황에 따라 변동성이 커질 수 있습니다. 따라서 안정적인 자산 배분과 리스크 관리가 필요합니다. 빅테크와 AI 업종에 대한 투자도 고려해볼 만하며, 중동 긴장과 관련된 업종들에도 주목해야 합니다. 개인투자자들은 안정적인 투자전략을 유지하고 장기적인 시각으로 투자 결정을 내리는 것이 중요합니다."
동네 주유소 한개당 시총 165억…한달새 주가 65% 뛴 종목 정체,https://finance.naver.com/news/news_read.naver?article_id=0005209511&office_id=008&mode=mainnews&type=&date=2025-06-19&page=5,네이버,2025-06-19 16:15:00.959755,0.0,"1. 현재 시장은 미국과 중동의 긴장으로 혼조한 분위기를 보이고 있습니다. 미국의 연방준비제도(FOMC)의 금리 결정과 중동의 지정학적 불확실성이 시장에 영향을 미치고 있습니다. 미국 증시는 약보합을 보이며 관망세를 유지하고 있습니다. 한편, 국내에서는 개미들의 빚투 현상과 투자심리에 대한 우려가 높아지고 있습니다.

2. 업종 중에서는 빅테크와 인공지능(AI) 관련 기업들이 주목받고 있습니다. 미래에셋벤처와 네이버 등 AI 산업의 수혜주로 주목할 필요가 있습니다. 또한, 방산주와 통화정책에 관련된 업종들이 중동 긴장과 관련해 강세를 보이고 있습니다.

3. 투자자들은 미국의 통화정책 변화와 중동 상황을 주시해야 합니다. 미국의 연방준비제도(FOMC)의 행보와 중동 긴장 요인이 시장에 영향을 미칠 수 있으므로 주식투자나 자산 배분에 있어서 신중한 관리가 필요합니다. 또한, 개인투자자들은 빚투 현상에 대한 경계를 늦추지 말아야 합니다.

4. 시장은 혼조한 분위기를 유지할 전망이며, 향후 미국의 통화정책과 중동 상황에 따라 변동성이 커질 수 있습니다. 따라서 안정적인 자산 배분과 리스크 관리가 필요합니다. 빅테크와 AI 업종에 대한 투자도 고려해볼 만하며, 중동 긴장과 관련된 업종들에도 주목해야 합니다. 개인투자자들은 안정적인 투자전략을 유지하고 장기적인 시각으로 투자 결정을 내리는 것이 중요합니다."
"""하반기 실적 개선""…'지금조방원' 아닌데 한달 만에 77% 뛴 주식",https://finance.naver.com/news/news_read.naver?article_id=0005209510&office_id=008&mode=mainnews&type=&date=2025-06-19&page=5,네이버,2025-06-19 16:15:00.959755,0.0,"1. 현재 시장은 미국과 중동의 긴장으로 혼조한 분위기를 보이고 있습니다. 미국의 연방준비제도(FOMC)의 금리 결정과 중동의 지정학적 불확실성이 시장에 영향을 미치고 있습니다. 미국 증시는 약보합을 보이며 관망세를 유지하고 있습니다. 한편, 국내에서는 개미들의 빚투 현상과 투자심리에 대한 우려가 높아지고 있습니다.

2. 업종 중에서는 빅테크와 인공지능(AI) 관련 기업들이 주목받고 있습니다. 미래에셋벤처와 네이버 등 AI 산업의 수혜주로 주목할 필요가 있습니다. 또한, 방산주와 통화정책에 관련된 업종들이 중동 긴장과 관련해 강세를 보이고 있습니다.

3. 투자자들은 미국의 통화정책 변화와 중동 상황을 주시해야 합니다. 미국의 연방준비제도(FOMC)의 행보와 중동 긴장 요인이 시장에 영향을 미칠 수 있으므로 주식투자나 자산 배분에 있어서 신중한 관리가 필요합니다. 또한, 개인투자자들은 빚투 현상에 대한 경계를 늦추지 말아야 합니다.

4. 시장은 혼조한 분위기를 유지할 전망이며, 향후 미국의 통화정책과 중동 상황에 따라 변동성이 커질 수 있습니다. 따라서 안정적인 자산 배분과 리스크 관리가 필요합니다. 빅테크와 AI 업종에 대한 투자도 고려해볼 만하며, 중동 긴장과 관련된 업종들에도 주목해야 합니다. 개인투자자들은 안정적인 투자전략을 유지하고 장기적인 시각으로 투자 결정을 내리는 것이 중요합니다."
"중국인 곧 몰려온다…신고가 행진, 구름 위 걷는 업종들",https://finance.naver.com/news/news_read.naver?article_id=0005209506&office_id=008&mode=mainnews&type=&date=2025-06-19&page=5,네이버,2025-06-19 16:15:00.959755,0.0,"1. 현재 시장은 미국과 중동의 긴장으로 혼조한 분위기를 보이고 있습니다. 미국의 연방준비제도(FOMC)의 금리 결정과 중동의 지정학적 불확실성이 시장에 영향을 미치고 있습니다. 미국 증시는 약보합을 보이며 관망세를 유지하고 있습니다. 한편, 국내에서는 개미들의 빚투 현상과 투자심리에 대한 우려가 높아지고 있습니다.

2. 업종 중에서는 빅테크와 인공지능(AI) 관련 기업들이 주목받고 있습니다. 미래에셋벤처와 네이버 등 AI 산업의 수혜주로 주목할 필요가 있습니다. 또한, 방산주와 통화정책에 관련된 업종들이 중동 긴장과 관련해 강세를 보이고 있습니다.

3. 투자자들은 미국의 통화정책 변화와 중동 상황을 주시해야 합니다. 미국의 연방준비제도(FOMC)의 행보와 중동 긴장 요인이 시장에 영향을 미칠 수 있으므로 주식투자나 자산 배분에 있어서 신중한 관리가 필요합니다. 또한, 개인투자자들은 빚투 현상에 대한 경계를 늦추지 말아야 합니다.

4. 시장은 혼조한 분위기를 유지할 전망이며, 향후 미국의 통화정책과 중동 상황에 따라 변동성이 커질 수 있습니다. 따라서 안정적인 자산 배분과 리스크 관리가 필요합니다. 빅테크와 AI 업종에 대한 투자도 고려해볼 만하며, 중동 긴장과 관련된 업종들에도 주목해야 합니다. 개인투자자들은 안정적인 투자전략을 유지하고 장기적인 시각으로 투자 결정을 내리는 것이 중요합니다."
"뉴욕증시, 불확실한 통화정책 경로…혼조 마감",https://finance.naver.com/news/news_read.naver?article_id=0015457619&office_id=001&mode=mainnews&type=&date=2025-06-19&page=5,네이버,2025-06-19 16:15:00.959755,0.0,"1. 현재 시장은 미국과 중동의 긴장으로 혼조한 분위기를 보이고 있습니다. 미국의 연방준비제도(FOMC)의 금리 결정과 중동의 지정학적 불확실성이 시장에 영향을 미치고 있습니다. 미국 증시는 약보합을 보이며 관망세를 유지하고 있습니다. 한편, 국내에서는 개미들의 빚투 현상과 투자심리에 대한 우려가 높아지고 있습니다.

2. 업종 중에서는 빅테크와 인공지능(AI) 관련 기업들이 주목받고 있습니다. 미래에셋벤처와 네이버 등 AI 산업의 수혜주로 주목할 필요가 있습니다. 또한, 방산주와 통화정책에 관련된 업종들이 중동 긴장과 관련해 강세를 보이고 있습니다.

3. 투자자들은 미국의 통화정책 변화와 중동 상황을 주시해야 합니다. 미국의 연방준비제도(FOMC)의 행보와 중동 긴장 요인이 시장에 영향을 미칠 수 있으므로 주식투자나 자산 배분에 있어서 신중한 관리가 필요합니다. 또한, 개인투자자들은 빚투 현상에 대한 경계를 늦추지 말아야 합니다.

4. 시장은 혼조한 분위기를 유지할 전망이며, 향후 미국의 통화정책과 중동 상황에 따라 변동성이 커질 수 있습니다. 따라서 안정적인 자산 배분과 리스크 관리가 필요합니다. 빅테크와 AI 업종에 대한 투자도 고려해볼 만하며, 중동 긴장과 관련된 업종들에도 주목해야 합니다. 개인투자자들은 안정적인 투자전략을 유지하고 장기적인 시각으로 투자 결정을 내리는 것이 중요합니다."
"“월급날마다 심장 뜁니다”...인건비를 ‘원화’로 주기 어려운 국내 블록체인 업계, 왜?",https://finance.naver.com/news/news_read.naver?article_id=0005511197&office_id=009&mode=mainnews&type=&date=2025-06-19&page=5,네이버,2025-06-19 16:15:00.959755,0.0,"1. 현재 시장은 미국과 중동의 긴장으로 혼조한 분위기를 보이고 있습니다. 미국의 연방준비제도(FOMC)의 금리 결정과 중동의 지정학적 불확실성이 시장에 영향을 미치고 있습니다. 미국 증시는 약보합을 보이며 관망세를 유지하고 있습니다. 한편, 국내에서는 개미들의 빚투 현상과 투자심리에 대한 우려가 높아지고 있습니다.

2. 업종 중에서는 빅테크와 인공지능(AI) 관련 기업들이 주목받고 있습니다. 미래에셋벤처와 네이버 등 AI 산업의 수혜주로 주목할 필요가 있습니다. 또한, 방산주와 통화정책에 관련된 업종들이 중동 긴장과 관련해 강세를 보이고 있습니다.

3. 투자자들은 미국의 통화정책 변화와 중동 상황을 주시해야 합니다. 미국의 연방준비제도(FOMC)의 행보와 중동 긴장 요인이 시장에 영향을 미칠 수 있으므로 주식투자나 자산 배분에 있어서 신중한 관리가 필요합니다. 또한, 개인투자자들은 빚투 현상에 대한 경계를 늦추지 말아야 합니다.

4. 시장은 혼조한 분위기를 유지할 전망이며, 향후 미국의 통화정책과 중동 상황에 따라 변동성이 커질 수 있습니다. 따라서 안정적인 자산 배분과 리스크 관리가 필요합니다. 빅테크와 AI 업종에 대한 투자도 고려해볼 만하며, 중동 긴장과 관련된 업종들에도 주목해야 합니다. 개인투자자들은 안정적인 투자전략을 유지하고 장기적인 시각으로 투자 결정을 내리는 것이 중요합니다."
"[속보]파월, 금리 인하 신호 없었다…다우존스 0.1%↓",https://finance.naver.com/news/news_read.naver?article_id=0004498695&office_id=011&mode=mainnews&type=&date=2025-06-19&page=5,네이버,2025-06-19 16:15:00.959755,0.0,"1. 현재 시장은 미국과 중동의 긴장으로 혼조한 분위기를 보이고 있습니다. 미국의 연방준비제도(FOMC)의 금리 결정과 중동의 지정학적 불확실성이 시장에 영향을 미치고 있습니다. 미국 증시는 약보합을 보이며 관망세를 유지하고 있습니다. 한편, 국내에서는 개미들의 빚투 현상과 투자심리에 대한 우려가 높아지고 있습니다.

2. 업종 중에서는 빅테크와 인공지능(AI) 관련 기업들이 주목받고 있습니다. 미래에셋벤처와 네이버 등 AI 산업의 수혜주로 주목할 필요가 있습니다. 또한, 방산주와 통화정책에 관련된 업종들이 중동 긴장과 관련해 강세를 보이고 있습니다.

3. 투자자들은 미국의 통화정책 변화와 중동 상황을 주시해야 합니다. 미국의 연방준비제도(FOMC)의 행보와 중동 긴장 요인이 시장에 영향을 미칠 수 있으므로 주식투자나 자산 배분에 있어서 신중한 관리가 필요합니다. 또한, 개인투자자들은 빚투 현상에 대한 경계를 늦추지 말아야 합니다.

4. 시장은 혼조한 분위기를 유지할 전망이며, 향후 미국의 통화정책과 중동 상황에 따라 변동성이 커질 수 있습니다. 따라서 안정적인 자산 배분과 리스크 관리가 필요합니다. 빅테크와 AI 업종에 대한 투자도 고려해볼 만하며, 중동 긴장과 관련된 업종들에도 주목해야 합니다. 개인투자자들은 안정적인 투자전략을 유지하고 장기적인 시각으로 투자 결정을 내리는 것이 중요합니다."
"MSCI 선진지수 편입 기대감 ‘솔솔’…첫 단계, 25일 ‘관찰대상국 포함’ 여부 주목",https://finance.naver.com/news/news_read.naver?article_id=0002969497&office_id=119&mode=mainnews&type=&date=2025-06-19&page=5,네이버,2025-06-19 16:15:00.959755,0.0,"1. 현재 시장은 미국과 중동의 긴장으로 혼조한 분위기를 보이고 있습니다. 미국의 연방준비제도(FOMC)의 금리 결정과 중동의 지정학적 불확실성이 시장에 영향을 미치고 있습니다. 미국 증시는 약보합을 보이며 관망세를 유지하고 있습니다. 한편, 국내에서는 개미들의 빚투 현상과 투자심리에 대한 우려가 높아지고 있습니다.

2. 업종 중에서는 빅테크와 인공지능(AI) 관련 기업들이 주목받고 있습니다. 미래에셋벤처와 네이버 등 AI 산업의 수혜주로 주목할 필요가 있습니다. 또한, 방산주와 통화정책에 관련된 업종들이 중동 긴장과 관련해 강세를 보이고 있습니다.

3. 투자자들은 미국의 통화정책 변화와 중동 상황을 주시해야 합니다. 미국의 연방준비제도(FOMC)의 행보와 중동 긴장 요인이 시장에 영향을 미칠 수 있으므로 주식투자나 자산 배분에 있어서 신중한 관리가 필요합니다. 또한, 개인투자자들은 빚투 현상에 대한 경계를 늦추지 말아야 합니다.

4. 시장은 혼조한 분위기를 유지할 전망이며, 향후 미국의 통화정책과 중동 상황에 따라 변동성이 커질 수 있습니다. 따라서 안정적인 자산 배분과 리스크 관리가 필요합니다. 빅테크와 AI 업종에 대한 투자도 고려해볼 만하며, 중동 긴장과 관련된 업종들에도 주목해야 합니다. 개인투자자들은 안정적인 투자전략을 유지하고 장기적인 시각으로 투자 결정을 내리는 것이 중요합니다."
중동 긴장 격화… 'K방산 ETF' 수익률 강세,https://finance.naver.com/news/news_read.naver?article_id=0001083958&office_id=417&mode=mainnews&type=&date=2025-06-19&page=5,네이버,2025-06-19 16:15:00.959755,0.0,"1. 현재 시장은 미국과 중동의 긴장으로 혼조한 분위기를 보이고 있습니다. 미국의 연방준비제도(FOMC)의 금리 결정과 중동의 지정학적 불확실성이 시장에 영향을 미치고 있습니다. 미국 증시는 약보합을 보이며 관망세를 유지하고 있습니다. 한편, 국내에서는 개미들의 빚투 현상과 투자심리에 대한 우려가 높아지고 있습니다.

2. 업종 중에서는 빅테크와 인공지능(AI) 관련 기업들이 주목받고 있습니다. 미래에셋벤처와 네이버 등 AI 산업의 수혜주로 주목할 필요가 있습니다. 또한, 방산주와 통화정책에 관련된 업종들이 중동 긴장과 관련해 강세를 보이고 있습니다.

3. 투자자들은 미국의 통화정책 변화와 중동 상황을 주시해야 합니다. 미국의 연방준비제도(FOMC)의 행보와 중동 긴장 요인이 시장에 영향을 미칠 수 있으므로 주식투자나 자산 배분에 있어서 신중한 관리가 필요합니다. 또한, 개인투자자들은 빚투 현상에 대한 경계를 늦추지 말아야 합니다.

4. 시장은 혼조한 분위기를 유지할 전망이며, 향후 미국의 통화정책과 중동 상황에 따라 변동성이 커질 수 있습니다. 따라서 안정적인 자산 배분과 리스크 관리가 필요합니다. 빅테크와 AI 업종에 대한 투자도 고려해볼 만하며, 중동 긴장과 관련된 업종들에도 주목해야 합니다. 개인투자자들은 안정적인 투자전략을 유지하고 장기적인 시각으로 투자 결정을 내리는 것이 중요합니다."
"""빨리 올라타! 3000피 고지가 코앞""…개미들 탈탈 털어 '빚투'",https://finance.naver.com/news/news_read.naver?article_id=0005209467&office_id=008&mode=mainnews&type=&date=2025-06-19&page=5,네이버,2025-06-19 16:15:00.959755,0.0,"1. 현재 시장은 미국과 중동의 긴장으로 혼조한 분위기를 보이고 있습니다. 미국의 연방준비제도(FOMC)의 금리 결정과 중동의 지정학적 불확실성이 시장에 영향을 미치고 있습니다. 미국 증시는 약보합을 보이며 관망세를 유지하고 있습니다. 한편, 국내에서는 개미들의 빚투 현상과 투자심리에 대한 우려가 높아지고 있습니다.

2. 업종 중에서는 빅테크와 인공지능(AI) 관련 기업들이 주목받고 있습니다. 미래에셋벤처와 네이버 등 AI 산업의 수혜주로 주목할 필요가 있습니다. 또한, 방산주와 통화정책에 관련된 업종들이 중동 긴장과 관련해 강세를 보이고 있습니다.

3. 투자자들은 미국의 통화정책 변화와 중동 상황을 주시해야 합니다. 미국의 연방준비제도(FOMC)의 행보와 중동 긴장 요인이 시장에 영향을 미칠 수 있으므로 주식투자나 자산 배분에 있어서 신중한 관리가 필요합니다. 또한, 개인투자자들은 빚투 현상에 대한 경계를 늦추지 말아야 합니다.

4. 시장은 혼조한 분위기를 유지할 전망이며, 향후 미국의 통화정책과 중동 상황에 따라 변동성이 커질 수 있습니다. 따라서 안정적인 자산 배분과 리스크 관리가 필요합니다. 빅테크와 AI 업종에 대한 투자도 고려해볼 만하며, 중동 긴장과 관련된 업종들에도 주목해야 합니다. 개인투자자들은 안정적인 투자전략을 유지하고 장기적인 시각으로 투자 결정을 내리는 것이 중요합니다."
"매출 1만원, 손실 수억…키움증권 종속기업 관리 부실 어쩌나",https://finance.naver.com/news/news_read.naver?article_id=0000399742&office_id=629&mode=mainnews&type=&date=2025-06-19&page=5,네이버,2025-06-19 16:15:00.959755,0.0,"1. 현재 시장은 미국과 중동의 긴장으로 혼조한 분위기를 보이고 있습니다. 미국의 연방준비제도(FOMC)의 금리 결정과 중동의 지정학적 불확실성이 시장에 영향을 미치고 있습니다. 미국 증시는 약보합을 보이며 관망세를 유지하고 있습니다. 한편, 국내에서는 개미들의 빚투 현상과 투자심리에 대한 우려가 높아지고 있습니다.

2. 업종 중에서는 빅테크와 인공지능(AI) 관련 기업들이 주목받고 있습니다. 미래에셋벤처와 네이버 등 AI 산업의 수혜주로 주목할 필요가 있습니다. 또한, 방산주와 통화정책에 관련된 업종들이 중동 긴장과 관련해 강세를 보이고 있습니다.

3. 투자자들은 미국의 통화정책 변화와 중동 상황을 주시해야 합니다. 미국의 연방준비제도(FOMC)의 행보와 중동 긴장 요인이 시장에 영향을 미칠 수 있으므로 주식투자나 자산 배분에 있어서 신중한 관리가 필요합니다. 또한, 개인투자자들은 빚투 현상에 대한 경계를 늦추지 말아야 합니다.

4. 시장은 혼조한 분위기를 유지할 전망이며, 향후 미국의 통화정책과 중동 상황에 따라 변동성이 커질 수 있습니다. 따라서 안정적인 자산 배분과 리스크 관리가 필요합니다. 빅테크와 AI 업종에 대한 투자도 고려해볼 만하며, 중동 긴장과 관련된 업종들에도 주목해야 합니다. 개인투자자들은 안정적인 투자전략을 유지하고 장기적인 시각으로 투자 결정을 내리는 것이 중요합니다."
